MD5hash,Total,Positive,TrendMicro,F-Secure,McAfee,Symantec,Avast,Kaspersky,BitDefender,Sophos,GData,Panda,Qihoo-360,Scan-Date
2818e104c208a32e01dd2ca2808e4c64,70,57,Mal_Xed-11,Trojan.RKIT/Xorer.1,W32/Fujacks.as.ak,W32.Pagipef.I,Win32:Xorer-D,Virus.Win32.Xorer.dj,Gen:Variant.Kazy.49124,Mal/Generic-S,Gen:Variant.Kazy.49124,W32/Xorer.R.worm,Malware.Radar05.Gen,2020-08-11 05:47:00
1e2c2b990ead71136322e62cb0b12cbc,69,55,PE_LEVI.3244,Trojan.TR/Levi.wujvp,W95/Leviathan.3244,W95.Levi,Win32:Levi-I,Virus.Win32.Levi.3244,Trojan.Generic.1748472,W95/Leviathan-B,Trojan.Generic.1748472,W95/Leviathan.3244,Malware.Radar01.Gen,2020-08-20 05:25:28
862a5b3efc8e9b1b4856ba9c3c8e905f,72,58,PE_MIAM.5164,Malware.W32/Miam.5164,W95/Miam.dr,W95.Miam.4716,Win32:NeoWallpaper,Virus.Win32.Miam.5164,Win32.Miam.5164,W32/Neo-5164,Win32.Miam.5164,Generic Suspicious,Malware.Radar01.Gen,2020-08-11 07:23:48
239ca778ffd29626203dafc67b204516,71,45,PE_DELIK.A-O,Malware.W32/Delikon,Artemis!239CA778FFD2,W32.Crosser,Win32:Delikon,Virus.Win32.Delikon,Win32.Mumo.5135,W32/Delikon-A,Win32.Mumo.5135,W32/Delikon.A,Malware.Radar01.Gen,2020-07-17 20:25:12
2f8a190076377e02bf02d6182fc52a2b,72,57,PE_LUNA.2757.B,Malware.W95/Luna-2757.C,Artemis!2F8A19007637,W95.Luna.2757.B,Win95:Luna,Virus.Win9x.Luna.2757.b,Win95.Bumblebee.2757,W95/Luna-A,Win95.Bumblebee.2757,W95/Luna.2724,HEUR/Malware.QVM20.Gen,2020-01-09 18:29:32
8d000a3d1c6d6dc22f79b4b9bf6b48d7,65,41,,Malware.W32/Momac.B,W32/Momac!p2p,,Win32:Delf-EL [Trj],Virus.Win32.HLLO.Momac.b,Trojan.GenericKD.31015187,W32/Momac-Gen,Trojan.GenericKD.31015187,Generic Malware,Malware.Radar01.Gen,2019-03-12 00:54:39
e15ef112fd6c273febda7fef3bb90808,71,55,PE_LEVI.3232,Malware.W32/Levi.3432,W95/Leviathan.3432,W95.Levi,Win32:Levi-B,Virus.Win32.Levi.3432,Trojan.Generic.1775687,W95/Leviathan-B,Trojan.Generic.1775687,W95/Leviathan.3432,Malware.Radar01.Gen,2020-04-13 11:40:42
8edf81de08690cd260a159e5ff3ce1c6,70,65,PE_VIRUT.AP,Malware.W32/Virut.BO,W32/Virut.t.j,W32.Virut.W,Win32:Virtob,Virus.Win32.Virut.bv,Win32.Virut.U,W32/Virut-Gen,Win32.Virus.Virut.J,Generic Malware,Virus.Win32.Virut.Q,2020-08-11 05:46:07
fcb102c5f7d48c8f12216af690656001,70,56,PE_KRIZ.4099-O,Malware.W32/Kriz-Based,W32/Kriz.dr,W32.Kriz,Win32:Kriz,Virus.Win32.Kriz.4099,Gen:Variant.Graftor.96931,W32/Kriz-4099,Gen:Variant.Graftor.96931,W32/Kriz.drop,Malware.Radar01.Gen,2020-08-12 15:54:16
2bdd83886e84bfaad6316da7b2e772dd,70,57,PE_SILLYWR.223,Malware.W95/Silly.242.A.1,Artemis!2BDD83886E84,W95.SillyWR,Win32:SillyWR,Virus.Win9x.SillyWR.223.b,Win95.SillyWR.223.B,W95/Silly-223,Win95.SillyWR.223.B,Generic Suspicious,Malware.Radar01.Gen,2020-08-20 07:29:09
7d195f757848a986ffa3fb058bca70a6,73,54,,Malware.W32/Giri.4937,W32/NGVCK.g.dr.gen,W32.Giri,Win32:Giri,Virus.Win32.Giri.4937.c,Win32.Girigat.DR,Junk/Giri-4937c,Win32.Girigat.DR,Generic Suspicious,Malware.Radar01.Gen,2020-04-20 06:23:05
1b087b421bec41c06d688b55bf49b886,68,53,WORM_NIKLAS.A,Win32.Worm.Niklaus.22,W32/Neklace.gen,W32.HLLW.Niklas,Win32:Delf-CLG,Virus.Win32.HLLP.Delf.d,Win32.Worm.Niklaus.22,Mal/Packer,Win32.Worm.Niklaus.22,Trj/Genetic.gen,Malware.Radar01.Gen,2018-07-26 16:17:57
9e7a3898ebc039004ec835bfa85bfb6b,69,56,PE_TENROBOT.D,Win95.Tenrobot.B,W32/Tenrobot.d,W95.Tenrobot,Win32:Duload-B [Wrm],Virus.Win9x.Tenrobot.c,Win95.Tenrobot.B,W95/Tenrobot-A,Win95.Tenrobot.B,W32/Tenrobot.C,Virus.Win32.TenRobot.A,2018-11-08 20:50:18
49285b60d11a2a41c33730d556ef055b,64,41,,Malware.W32/aoc.3833.B,W32/Anvil.gen,,Win32:AOC,Virus.Win32.AOC.3649.A,Win32.AOC.A,W32/Anvil,Win32.AOC.A,W32/AOC.3832,Malware.Radar01.Gen,2019-03-12 00:43:32
f292e5a1e2d0f17850cbb31de3747641,59,14,,Malware.W95/SK,W95/Suk.d,W95.SK (com),,Virus.Win9x.SK,,,,,Generic/Virus.f7f,2020-06-06 06:44:52
3111c14fcf82b5fb9b2894e6acac582b,71,55,PE_BOLZANO.F,Malware.W32/Drop.Bolzano,W32/Bolzano.b.gen.a,W32.Bolzano.L,Win32:Bolzano-C,Virus.Win32.Bolzano.4096.f,Win32.Bolzano.4096.F,W32/Bolzano-B,Win32.Bolzano.4096.F,W95/Bolzano.4096.F,Malware.Radar01.Gen,2020-07-17 15:27:13
5e0ab40d3df12a9ae56df88d8424cb04,72,58,PE_FIBERMIL.3205,Malware.W95/Milen.3205,W95/Leviathan.3205,W98.Levi.3205,Win32:Levi-G,Virus.Win32.Levi.3205,Win98.WildFire.3040.A,W98/Millennium,Win98.WildFire.3040.A,W98/Milennium.3205,Malware.Radar01.Gen,2019-08-19 09:20:38
9defb3347cf7385f4704eaa841179b81,70,47,,Malware.W32/Small.1346.dam,VTool/xasm,,Win32:Trojan-gen,Virus.Win9x.Small.1346,Gen:Trojan.Heur.GM.0404418800,W95/Enerlam-A,Gen:Trojan.Heur.GM.0404418800,Generic Suspicious,Win32/Virus.c99,2020-04-19 14:56:47
e354a5a8f9c9ce0f1d88aa26f4ea4c3e,71,56,PE_KUTO.2058,Malware.W32/Kuto.2058,Artemis!E354A5A8F9C9,,Win95:Kuto,Virus.Win32.Kuto.2058,Win32.Kuto.D,W95/Kuto-2058,Win32.Kuto.D,Univ.VM,Malware.Radar01.Gen,2020-02-09 06:36:24
da870ba9b24fc9dc92580810b2a6ddd6,72,42,,Malware.W32/Anuir.3818,Artemis!DA870BA9B24F,,Win32:Anuir,Virus.Win32.Anuir.a,,W32/Anuir-A,,Generic Suspicious,Win32/Virus.631,2020-02-07 17:00:40
27ff8e9518188061a71391b463172e0f,69,48,,Malware.W32/Julus,W32/Sankey.dr,W95.Julus.Gen,Win32:Swog,Virus.Win9x.Julus.2702.a,Win95.Julius.2702,W32/Julus-2702,Win95.Julius.2702,,HEUR/Malware.QVM20.Gen,2019-07-03 09:25:26
01c3577438c6c6ccbc4582649fc3f0bc,71,48,PE_INVICTUSDLL.A,Malware.W32/InvictusDLL.201A,W32/Invictus.dll,,Win32:Invictus@dll,Virus.Win32.Invictus.201.a,Virtool.Invictus.2.0.1.A,W32/INVICTUS-A,Virtool.Invictus.2.0.1.A,Trj/Genetic.gen,Malware.Radar01.Gen,2020-04-13 18:18:19
3518f16ec9609a86b38aea5bf82f2210,69,43,Mal_Avc,Trojan.TR/Crypt.XPACK.Gen,W32/Perrun.gen,ML.Attribute.HighConfidence,Win32:Banker-LIJ [Trj],Virus.Win32.Perrun.b,Win32.Perrun.A,W32/Perrun-B,Win32.Perrun.A,Generic Suspicious,Malware.Radar01.Gen,2020-08-11 07:24:42
f862cf86e59d3703d07193f8c625e2ec,72,58,Mal_Bits,Trojan.TR/Agent.dzc.1,Generic.bwj,Trojan.Gen.6,Win32:Agent-OQJ [Trj],Virus.Win32.Xorer.b,Trojan.Generic.1894408,Mal/Packer,Trojan.Generic.1894408,Trj/Genetic.gen,Malware.Radar01.Gen,2020-07-20 10:13:50
72b9a21d3e544c26a403368cfa995615,57,45,PE_SILLYWR.190,Win95.SillyWR.190.B,Artemis!72B9A21D3E54,W95.SillyWR,Win32:SillyWR,Virus.Win9x.SillyWR.gen,Win95.SillyWR.190.B,W95/SillyWR190C,Win95.SillyWR.190.B,Generic Suspicious,Malware.Radar01.Gen,2016-12-29 09:19:46
d92c007342be639b870422a7490e5322,65,49,PE_RAINSO.3956-O,Malware.W32/Rainsong.3956.A,W95/RainSong.3956.a.dr,W32.RainSong.Gen,,Virus.Win32.RainSong.3956,Win32.Rainsong.3925.A.dr,W32/Rain-3956,Win32.Rainsong.3925.A.dr,W32/RainSong.3956,Win32/Virus.ce9,2020-08-11 07:25:04
07019a192ed7b6a69648581cd6153be2,71,55,,Malware.W32/Vampiro.B.1,Artemis!07019A192ED7,W32.Vapir,Other:Malware-gen [Trj],Virus.Win32.Vampiro.b,Gen:Trojan.FileInfector.amWaaSsgJ5c,Mal/Packer,Gen:Trojan.FileInfector.amWaaSsgJ5c,Generic Suspicious,Malware.Radar01.Gen,2020-08-11 07:26:33
1aa3eefbcfc17805eafaa80f2e07459c,70,54,PE_CHAMP.B-O,Malware.W32/Champ,W95/Champagne.dr,W95.Champ.5447.b,,Virus.Win32.Champ,Win32.Champ.Gen,Mal/Generic-S,Win32.Champ.Gen,Univ.B,Malware.Radar01.Gen,2020-08-12 20:20:10
41a4f05891eecf1e84ecdb7c751a2450,72,60,PE_MAYA.4113,Malware.W95/Maya.4113,W32/Maya.4113,W32.Spit.B,Win32:Maya-B,Virus.Win32.Maya.4113,Win32.Maya.4113,W32/Maya-A,Win32.Maya.4113,W95/Maya.4113,Malware.Radar01.Gen,2020-02-09 04:49:48
ae898f7dabd29ec8aa4ef8924bbdb46f,57,42,PE_MERIN.A-O,Trojan.Prepender.J,RDN/Generic.mem,W32.Merin,Win32:Merin,Virus.Win32.Merin.a,Trojan.Prepender.J,Mal/Generic-S,Trojan.Prepender.J,Generic Suspicious,Malware.Radar01.Gen,2016-12-29 09:23:14
85ebe4e68762a40d58210cea8020f44b,67,48,PE_GLORIA.2963,Malware.W32/Gloria.2963.dam,W32/Gloria.2963,W32.Gloria.2888.Int,,Virus.Win32.Gloria.2963,Win32.Gloria.2963,,Win32.Gloria.2963,W32/Gloria.2963,Malware.Radar01.Gen,2019-08-14 01:04:07
06363fe37333e25c207dec2062db4a9f,71,55,PE_DICTATOR.2304,,W95/Dictator,W95.Dictator.2304,Win32:Dictator,Virus.Win32.Dictator.2304,Win32.Dictator.2304,W32/Dict-2304,Win32.Dictator.2304,W95/Dict.2304,Malware.Radar01.Gen,2020-07-17 20:32:04
1d3b60d9685f6c488453fd8db537020e,69,54,PE_NATHAN.3520,Malware.W95/Nathan.A,W32/NGVCK.g.dr.gen,W95.Nathan.3792,,Virus.Win9x.Nathan.3520.b,Trojan.Generic.1892947,Junk/Nat-3520B,Trojan.Generic.1892947,Generic Suspicious,Malware.Radar01.Gen,2020-08-19 19:17:30
c46503de21ad8ce73f72d5e0c59cbb68,69,55,PE_UNDERTAK.DAM,Malware.W32/Undertaker.5036,W32/Undertake.dr,W95.Undertaken.4883,,Virus.Win32.Undertaker.5036.a,Trojan.Agent.BPMM,W32/Undertaker,Trojan.Agent.BPMM,Univ.B,Malware.Radar01.Gen,2020-08-12 02:02:37
4c256614060745be94639cdd40f4fb95,72,57,PE_BOLZANO.FA,Malware.W32/Drop.Bolzano,W32/Bolzano.dr,W32.Bolzano.2716,Win32:Bolzano-Y,Virus.Win32.Bolzano.2716,Win32.Bolzano.2716,Mid/W32Bolz-F,Win32.Bolzano.2716,W32/Bolzano.2716,Malware.Radar01.Gen,2020-07-17 15:11:23
1fea04bac8dd0065b921ac178577d3b4,70,50,PE_VAMPIRO.GEN,Malware.W32/Vampiro,W32/Lme.2883,W95.Vampiro,,Virus.Win32.Trus.a,Win32.Vampiro.A,W95/Vampiro,Win32.Vampiro.A,W95/Vampiro.A,Malware.Radar01.Gen,2020-08-12 06:18:48
26d893514b631ef1d5255f711895be09,71,46,WORM_JUEGOS.B,Worm.WORM/Juegos,W32/Juegos.worm,W32.Juegos,Win32:Juegos,Virus.Win32.HLLW.Juegos,,W32/Dander-G,,W32/Juegos,Malware.Radar01.Gen,2020-07-27 06:08:04
a7c4e6aff057f34f386847f7422b5718,71,42,,Malware.W32/Small.1387.dam,VTool/xasm,W32.Enerlam.2774,Win32:Trojan-gen,Virus.Win9x.Small.1387,,W95/Enerlam-A,,Generic Suspicious,Malware.Radar01.Gen,2020-08-12 05:41:13
3e75d9de7456c7c4d0612076404240a9,71,46,PE_ZHYMN.HOST.A,Malware.W32/ZHymn.Host,Artemis!3E75D9DE7456,Trojan.Gen.2,Win32:Zhymn-G,Virus.Win9x.ZHymn.Host,Win32.ZHymn.A,,Win32.ZHymn.A,,Malware.Radar01.Gen,2019-07-08 10:19:04
89b8358dd248935c5ce34d59c6a55d37,68,57,TROJ_SMALL.U,Trojan.TR/Crypt.ZPACK.Gen,Proxy-Minit.dr,Trojan.Minit,Win32:Minit-B,Virus.Win32.Minit.b,Dropped:Trojan.Minit.A,Troj/Minit-D,Dropped:Trojan.Minit.A,Trj/Small.AE,Malware.Radar01.Gen,2020-08-11 07:23:49
e67f7bd21205cdc9961e6ba173c15996,72,56,PE_CHITON.F-O,Malware.W32/Chiton.BD,W32/Chiton.dr,W32.Chiton.gen,Win32:Chiton-AI,Virus.Win32.Chiton.i,Win32.Chiton.S,W95/Chiton-F,Win32.Chiton.S,W32/Chiton.D,Malware.Radar01.Gen,2020-07-17 20:30:44
d2f98cab54eb9374a82bfbb131603366,72,51,PE_VIOLON.A,Malware.W32/NoViolece.1,W32/Novelce.a,Trojan.Gen.6,Win32:Novelce-A [Wrm],Virus.Win32.HLLC.Novelce.a,Win32.HLLC.Novelce.A,W32/VB-DXO,Win32.HLLC.Novelce.A,W32/Novil.A,Malware.Radar01.Gen,2019-08-19 09:13:17
f1821ba84ad3c9dcfbf6312ce3bf906a,56,37,Possible_Virus,Win95.SillyWR.223.B,Artemis!F1821BA84AD3,W95.SillyWR,Win32:SillyWR,Virus.Win9x.SillyWR.227,Win95.SillyWR.223.B,W95/Silly-223,Win95.SillyWR.223.B,Generic Suspicious,Malware.Radar01.Gen,2016-12-29 09:29:23
d8cf9b6d8424afdd6b45fdd9552bfb22,68,53,TROJ_GEN.R002C0CEU18,Win32.Kriz.2008.A,W32/Kriz.dr,W32.Kriz,Win32:Kriz-C,Virus.Win32.Kriz.3742,Win32.Kriz.2008.A,Mal/Generic-S,Win32.Kriz.2008.A,Generic Suspicious,Malware.Radar01.Gen,2018-07-26 09:06:42
b2307f84eca0c694acbdb9c1ffd6ee95,69,56,PE_SILLYWR.230,Malware.W95/SillyWR.231,Artemis!B2307F84ECA0,W95.SillyWR,Win32:SillyE-B,Virus.Win9x.SillyWR.230,Win95.SillyWR.230.A,W95/Silly-230,Win95.SillyWR.230.A,W95/SillyWR.drop,Malware.Radar01.Gen,2020-08-12 01:00:11
f8d8a4352d1125e2a421c48a555708a8,71,57,PE_CHAMP.5707.B,Heuristic.HEUR/AGEN.1131955,W95/Champagne.dr,W95.Champ.5447.b,Win95:Champagne-B,Virus.Win32.Champ.5707.b,Win32.Champ.Gen,Junk/Champ-5447,Win32.Champ.Gen,W32/Champagne.5707,Malware.Radar01.Gen,2020-08-12 05:41:06
049bfd6fffb0272277d89093347d5793,64,46,,Malware.W32/HLLP.Ghostdog.a,W32/GhostDog.a,W32.HLLP.GhostDog.A,,Virus.Win32.HLLP.Ghostdog.a,Gen:Trojan.Heur.au0@sTIgYXtay,W32/GhostDog-1,Gen:Trojan.Heur.au0@sTIgYXtay,W32/HLLP.GhostDog.A,Malware.Radar01.Gen,2019-08-14 01:04:53
ac74bda5b8b3e32cb37504b3e5828e5f,71,56,PE_KRIZ.4057.DR,Malware.W32/Kriz-Based,W32/Kriz.dr,W32.Kriz,Win32:Kriz-C,Virus.Win32.Kriz.3742,Gen:Variant.Graftor.96931,Junk/Kriz-4057,Gen:Variant.Graftor.96931,W32/Kriz.A,Malware.Radar01.Gen,2019-05-05 02:16:08
8311575eee07e5a44d51ce643e917472,72,60,PE_PRIEST.1521,Malware.W95/Priest.1521,W32/Priest.gen,W95.Priest.1521,Win95:Priest,Virus.Win32.Priest.1521,Win95.Priest.1521,W95/Priest-Fam,Win95.Priest.1521,W95/Priest.1521,Malware.Radar01.Gen,2020-04-19 17:16:59
115b8d5724eadd153d530827f4399ec1,69,45,TROJ_ALEMOD.G,Malware.W32/Nsag.E,W32/Alemod.c.dll,Trojan.Alemod,Win32:Nsag@dll,Virus.Win32.Nsag.a,Trojan.WininetHook.A,Mal/Generic-S,Trojan.WininetHook.A,W32/Smitfraud.C,Malware.Radar01.Gen,2020-08-11 07:24:25
f38c7d39ec27934bc2951c14e1f1a964,71,54,,Malware.W32/Instan.b,W32/NGVCK.g.dr.gen,W32.Instan,Win32:Instan-B,Virus.Win32.Instan.b,Win32.NGVCK.2048,Mal/Generic-S,Win32.NGVCK.2048,Generic Suspicious,Malware.Radar01.Gen,2020-08-12 06:02:44
df3923b9e235387e6297a2152bf4e95f,69,50,PE_TENTA.2045,Malware.W32/Tenta.2045,Artemis!DF3923B9E235,W95.Tentacle.2048,,Virus.Win32.Tenta.2045,Win32.Tenta.2045,W32/Tenta-2045,Win32.Tenta.2045,W95/TentacleII.2045,Malware.Radar01.Gen,2020-08-12 06:18:14
66663a94c0ecdc673dc658799fb5a5c6,70,64,PE_MUMAWOW.BD-3,Malware.W32/Agent.bf,W32/Tufik.d,W32.Tufik.B!inf,Win32:Tufik,Virus.Win32.Agent.bf,Generic.Malware.Sdld!.BE121F9F,W32/Tufik-E,Generic.Malware.Sdld!.BE121F9F,W32/Tufik.H,HEUR/Malware.QVM18.Gen,2020-07-26 21:11:15
b65335eb3c0c80eb25698b4fe7bd3e84,69,55,PE_CARGO.11935,Malware.W32/Hatred,W32/Cargo.e,W32.Hatred.gen,Win32:EvyljarRetro-C,Virus.Win32.Hatred.d,Win32.Hatred.D,W95/Cargo,Win32.Hatred.D,Univ.EN,Malware.Radar01.Gen,2020-08-12 01:08:52
53f5a13bc08c91e0740ceb3e97b5259a,71,58,PE_ADSON.1703.B,Malware.W32/Adson,W95/Adson.dr.1703b,W32.Adson.1703.B,Win95:Adson [Drp],Virus.Win32.Adson.1703.b,Win32.Adson.1703,W32/Adson-1703B,Win32.Adson.1703,W95/Adson.1703.B.Drp,Malware.Radar01.Gen,2020-08-13 00:20:32
293204217d0234a69e031771f75ee4c1,63,42,NE_HLLP_SECTOR.A,Malware.W32/Sector,HLLP.Sector,Win.HLLP.Sector,Win:Sector,Virus.Win16.HLLP.Sector.a,Win.Sector.A,Win/HLLP-Sector,Win.Sector.A,Win/HLLP.Sector,Malware.Radar01.Gen,2020-07-20 10:08:37
c596a584a9702d919849071b09745b20,73,54,Cryp_Xed-16,Worm.WORM/Klez.E,Artemis!C596A584A970,W32.ElKern.gen,Win32:Elkern-gen,Virus.Win32.Elkern.b,Gen:Trojan.Heur.GM.0404012820,,Gen:Trojan.Heur.GM.0404012820,W32/Elkern,Malware.Radar03.Gen,2020-04-19 01:44:17
ba9af2ac79b5a2d8cb3925aa6647e8f0,73,55,PE_CHAMP.5707,Trojan.TR/Redcap.qntbc,W95/Champagne.dr,W95.Champ.5447.b,Win95:Champagne-B,Virus.Win32.Champ.5707.a,Win32.Champ.Gen,Junk/Champ-6242,Win32.Champ.Gen,W32/Champagne.5707,HEUR/QVM20.1.F975.Malware.Gen,2020-08-09 20:00:34
bb31460ee274e8643e633a56feb6a337,72,59,PE_KENSTON,Malware.W95/Kenston.D1,W95/Kenston.dr,,Win32:Kenston,Virus.Win32.Kenston.1895.a,Win32.Kenston.1874,W32/Kenston1895,Win32.Kenston.1874,Univ.B,Malware.Radar01.Gen,2020-02-10 07:33:53
dc5f1cd0a5b18471d62154a369d9b7cb,68,55,PE_DITTO.1492,Malware.W32/Ditto.1493,W95/Ditto.gen,W95.Ditto,Win32:Swog,Virus.Win32.Ditto.1492,Win32.Ditto.A,W32/Ditto-1492,Win32.Ditto.A,W32/Wif.A,Malware.Radar01.Gen,2020-08-12 03:32:53
6a33512ba86f394e4179d855d67e675f,65,46,PE_VBVIRUS,Malware.W32/HLLP.14336,W32/HLLP.dr,W32.HLLP.VB.14336.B,,Virus.Win32.HLLP.VB.b,Gen:Trojan.Heur.au0@fP!GLpei,HLLP/VB Murkry,Gen:Trojan.Heur.au0@fP!GLpei,W95/HLLP.14336.B,Win32/Trojan.da6,2019-08-14 01:05:45
7c59b9e4de53d83f52b45f36c97740cd,57,46,TROJ_DELF.FSZ,Trojan.Ntrootkit.AA,Artemis!7C59B9E4DE53,Backdoor.Rtkit,Win32:Agent-TIS [Trj],Virus.Win32.Delf.an,Trojan.Ntrootkit.AA,Troj/RKPort-Fam,Trojan.Ntrootkit.AA,Generic Suspicious,Malware.Radar01.Gen,2016-12-29 09:24:48
35fcd2efeb9a58066d788e23f6e9ac1f,69,54,PE_SILCER.B,Malware.W32/Silcer,Artemis!35FCD2EFEB9A,W32.Silcer,,Virus.Win32.Silcer,Win32.Silcer.A,W32/Silcer,Win32.Silcer.A,W32/Silcer.A,Malware.Radar01.Gen,2020-08-12 06:17:12
1a35f2e9228a60e3f8234548fb90acad,61,37,NE_SKIMPOD.1455,Malware.WIN/SKIM1455,,Win.Skim.1455,Win16:Winsurf,Virus.Win16.Winsurf.Skim.1455,Win16.Winsurf.1445,Skim-1455,Win16.Winsurf.1445,Skim,Malware.Radar01.Gen,2020-08-14 19:37:32
e188034e004a46f7975ebe81413a330b,71,58,PE_EVA.4096.B,Malware.W32/Eva.4096.C.1,W32/Eva.b,W32.Eva.C,Win32:Boneva,Virus.Win32.Eva.b,Win32.Benny.4096,W32/Eva-4096B,Win32.Benny.4096,Univ.B,Malware.Radar01.Gen,2020-07-22 16:55:39
d3f503535c86b16f3e119a6d42bf8d51,66,48,PE_CHAMP.5521,Malware.W32/Champ.5521,W95/Champagne.dr,,Win95:Champagne,Virus.Win32.Champ.5521,Win32.Champ.Gen,W95/Champagne-A,Win32.Champ.Gen,Univ.B,Malware.Radar01.Gen,2020-07-17 20:20:50
6fcf22fc425bdfbf052c83992f788d99,69,60,PE_BENNY.3219,Malware.W32/Benny-3223,W32/Benny.3219b,W32.Benny.gen,Win32:Benny,Virus.Win32.Benny.3219.b,Trojan.Generic.2140544,W95/Benny-3219,Trojan.Generic.2140544,Univ.B,Malware.Radar01.Gen,2020-08-13 04:13:34
8e18cbc89ad135b631f8ed5b78262742,72,56,PE_CHAMP5464.A,Malware.W32/Champ.5464.B,W95/Champagne.dr,W95.Champ.5447.b,Win95:Champagne-B,Virus.Win32.Champ.5464,Win32.Champ.Gen,W95/Champagne-A,Win32.Champ.Gen,Univ.B,Malware.Radar01.Gen,2020-07-17 20:20:41
1ce865a487e756cd0bb5524b1fed42a1,70,54,PE_MIXEN.A,Malware.W32/Alcaul.B,W32/NGVCK.g.dr.gen,W32.Paulmix,Win32:EnergyMix,Virus.Win32.Alcaul.b,Win32.Energy.3426,Junk/Mix-3426,Win32.Energy.3426,W32/Alcal.B,Win32/Virus.16c,2020-08-12 20:50:39
79763820718411c25a5d6cc2414b198f,71,60,PE_SILLYWR187.B,Malware.W95/SillyWR.187,Artemis!797638207184,W95.SillyWR,Win32:SillyWR,Virus.Win9x.SillyWR.gen,Win95.SillyWR.187,W95/SillyWR187B,Win95.SillyWR.187,Generic Suspicious,Malware.Radar01.Gen,2020-01-09 19:23:30
9140ebd9e95c286d558a51854578a2d3,69,48,PE_SENTINEL.A,Heuristic.HEUR/AGEN.1118961,W32/Sentinel,W95.Senti.9269,,Virus.Win32.Sentinel.b,Win32.Sentinel.B,,Win32.Sentinel.B,Generic Suspicious,Malware.Radar01.Gen,2020-08-11 07:26:23
f4bf0a58ab0f3ef7ba3024128a84646b,68,42,TROJ_GEN.R002C0CII18,Malware.W32/Eva.4096.C.1,W32/Eva.gen,,Win32:Boneva,Virus.Win32.Eva.g,Win32.Eva.G,Mal/Generic-S,Win32.Eva.G,W32/Eva.B,Malware.Radar01.Gen,2019-03-12 00:54:13
b06027fb7a93d97b6512bd9c256bf0b1,66,47,LE_Generic,Win95.Vlades.29696,Artemis!B06027FB7A93,W95.Vlades.29696,Win95:Vlades,Virus.Win9x.Vlades.30208.a,Win95.Vlades.29696,W95/Vlades-A,Win95.Vlades.29696,Generic Suspicious,Malware.Radar01.Gen,2018-07-22 19:43:43
9b5ad117214e7262cbf364ae8a8be18b,60,46,,Trojan.Generic.5995487,W95/Dead.4316,W95.Dead.B,Win95:Dead-B,Virus.Win9x.Dead.4316,Trojan.Generic.5995487,W95/DEAD-D,Trojan.Generic.5995487,W32/Dead.B,Malware.Radar01.Gen,2017-04-09 21:19:31
eb56dc5ff6ecfa69cfcc6daac968dee5,70,60,PE_SAVIOR,Malware.W32/Savior,W32/Savior.gen,W32.Savior.1832,Win32:Savior,Virus.Win32.Savior.1832,Win32.Savior.1832,W32/Savior,Win32.Savior.1832,W95/Savior.1832,Virus.Win32.Savior.A,2020-08-11 07:26:07
4fb41cb96452554bb2d7b05ea5e3d49f,72,57,PE_BOLZANO.3904,Malware.W95/Bolzano,W32/Bolzano.dr,W32.Bolzano.Q,Win32:Bolzano-S,Virus.Win32.Bolzano.3904,Win32.Bolzano.3904,W32/Bolzano-O,Win32.Bolzano.3904,W32/Bolzano.3904,Win32/Trojan.BO.109,2020-07-17 15:11:42
be3a8421dff736d99727a1a61375c183,72,56,PE_AFGHANA.A,Malware.W32/Dion.B,W32/Dion.dr,,Win95:Dion-B,Virus.Win32.Dion.b,Trojan.Generic.1726825,Mal/Generic-S,Trojan.Generic.1726825,Generic Suspicious,Malware.Radar01.Gen,2020-04-22 23:04:24
a8bd8b1d4f57c5a07258b90b6b2a1443,71,48,PE_VIOLON.C,Malware.W32/NoViolece.3,Generic VB,W32.Violon,Win32:Novelce-C [Wrm],Virus.Win32.HLLC.Novelce.c,Win32.HLLC.Novelce.C,W32/VB-BCD,Win32.HLLC.Novelce.C,W32/Novil.C,Malware.Radar01.Gen,2020-08-12 05:48:49
cca1a76445527a33c8b12ab20d353433,63,44,TROJ_NEM.A,Trojan.Silow.Vb.A,Generic.ef,W32.Flassmag,Win32:Neus,Virus.Win32.Neus.a,Trojan.Silow.Vb.A,Mal/StartP-A,Trojan.Silow.Vb.A,Generic Suspicious,Malware.Radar01.Gen,2017-07-07 07:07:32
85a819a5fab29c1dbb51e13e5aca8e42,72,54,PE_DOSER.D,Malware.W32/Doser.4539.B,W32/Doser.4539a.dr,W32.TestMy.gen,Win32:Doser-B [Drp],Virus.Win32.Doser.4539.b,Win32.Doser.4539,W32/Doser-D,Win32.Doser.4539,Univ.B,Malware.Radar01.Gen,2020-07-22 16:50:21
160626202b482baa2c31effc6f07b8f7,57,42,,Gen:Trojan.Heur.amKfrzJj@Taei,Artemis!160626202B48,W32.SillyFDC,Win32:VB-FHG,Virus.Win32.VB.fe,Gen:Trojan.Heur.amKfrzJj@Taei,W32/Autorun-X,Gen:Trojan.Heur.amKfrzJj@Taei,Generic Suspicious,Malware.Radar01.Gen,2016-12-29 09:28:59
4b801976d075c03bc41b2e705cb81c93,71,54,PE_SENTINEL.A,Malware.W32/Sentinel.a,W32/Sentinel,W95.Senti.9269,Win32:Semtinel,Virus.Win32.Sentinel.a,Win95.Sentinel,Mid/W32Sentinel,Win95.Sentinel,W32/Sentinel.drop,Win32/Virus.233,2020-08-11 07:26:22
2af7cde70551ac194ceffecff2449fd3,73,63,PE_MAGIC.7045.F,Malware.W32/Magic-7045.F,W32/Voodoo.7045gen,W32.Magic.7045.Int,Win32:MagicVooDoo-C,Virus.Win32.Magic.7045.f,Gen:Variant.Graftor.70092,W32/Magic-7045F,Gen:Variant.Graftor.70092,W95/V_people.7045.E,Malware.Radar01.Gen,2020-02-08 13:06:13
73301690f537912700ab4952f1d201bf,68,48,PE_MAYA.A,Malware.W32/Maya.4107,W32/Maya.4107,,Win32:Maya-B,Virus.Win32.Maya.4107.a,Win32.Maya.4107,W32/Maya-A,Win32.Maya.4107,Generic Suspicious,Win32/Virus.bbc,2019-03-12 00:48:00
6aa867c177d1146788a16ea30eb71b87,68,60,PE_VIRUT.BM,Malware.W32/Virut.Gen,W32/Virut.s.j,W32.Virut.W,Win32:Virtob,Virus.Win32.Virut.by,Win32.Virut.R,W32/Virut-Gen,Win32.Virut.R,Generic Malware,Virus.Win32.Virut.AI,2020-08-11 05:46:07
412415ab84d609a7356365f009183f73,69,56,PE_SAVIOR.1740,Malware.W32/Savior.1704,W32/Savior.gen,W32.Savior.1740,Win32:Savior,Virus.Win32.Savior.1740,Win95.Savior.1740.Dropper,W32/Savior-1740,Win95.Savior.1740.Dropper,W95/Savior.1740,Virus.Win32.Savior.A,2020-08-11 07:26:06
deee9f327b7c9dd1e154d59b976f432a,68,39,,Trojan.Generic.4892544,W32/Hader,W95.Hader,Win32:Hader,Virus.Win32.Hader.2701,Trojan.Generic.4892544,W32/Hader-A,Trojan.Generic.4892544,Generic Suspicious,Malware.Radar01.Gen,2018-07-23 10:56:10
5ac3f1593ab9e7403b63e67fd3af9a61,70,66,PE_VIRUT.ABY,Malware.W32/Virut.gep,W32/Virut.s.j,W32.Virut!gen,Win32:Virtob,Virus.Win32.Virut.bl,Win32.Virut.M,W32/Virut-Gen,Win32.Virut.M,Generic Malware,Virus.Win32.Virut.R,2020-08-11 05:46:00
2aa5c83f35fd1ab6c64681949761bf2a,72,54,PE_SILLYWR.133,Malware.W95/SillyWR.136.B,Artemis!2AA5C83F35FD,W95.SillyWR,Win95:Zombie,Virus.Win9x.SillyWR.136.b,Win95.SillyWR.136.B,W98/Swr-136b,Win95.SillyWR.136.B,W95/SWR.136.B,Malware.Radar01.Gen,2020-02-06 11:31:32
3209ff824bc3b87dc77d72bc77009d4c,71,59,PE_GIRI.4937.B,Malware.W32/Girigat,W32/Giri.dr,,Win32:Giri,Virus.Win32.Giri.4937.b,Trojan.Generic.7745178,W32/Girigat4937,Trojan.Generic.7745178,W32/Girigat.Drp,Win32/Trojan.957,2020-04-13 07:58:03
510e8c41abec48850f6184c722425511,71,54,PE_CHAMP.5714.A,Malware.W32/Champ.5714.DR,W95/Champagne.dr,W95.Champ.5447.b,Win32:Champ,Virus.Win32.Champ.5714,Win32.Champ.Gen,W95/Champagne-B,Win32.Champ.Gen,Univ.B,Malware.Radar01.Gen,2020-07-17 20:21:01
5a674ab145a29dd7b3dee559ae622b4f,64,41,,Malware.W32/Catin,W32/Civut.a,,Win32:Catin,Virus.Win32.Civut.a,Win32.Civut.A,W32/Civut-A,Win32.Civut.A,Generic Suspicious,Malware.Radar01.Gen,2019-03-12 00:58:09
30b1d89072e4203fcfe751f3a0833b3a,72,54,PE_DOSER.4535-O,Malware.W32/Doser.4535,W32/Doser.4535,W32.TestMy.gen,Win32:Doser-B [Drp],Virus.Win32.Doser.4535,Win32.Doser.4183,W32/Doser-4535,Win32.Doser.4183,Univ.B,Malware.Radar01.Gen,2020-07-22 16:50:15
ff11817dab5d85b7f978d2c7da366a85,70,64,PE_VIRUT.AE,Malware.W32/Virut.AU,W32/Virut.gen.a,W32.Virut.W,Win32:Virtob,Virus.Win32.Virut.au,Win32.Virtob.8.Gen,W32/Virut-U,Win32.Virtob.8.Gen,Generic Malware,Virus.Win32.Virut.AN,2020-08-11 05:45:50
9fce92cfd22c9445de82ec0efeb420e7,72,54,PE_BORGES.12288,Malware.W32/Borges-12288,Artemis!9FCE92CFD22C,W95.I13.8192,Win32:Borges,Virus.Win9x.I13.d,Win95.I13.D,W95/I13-A,Win95.I13.D,Univ.B,Malware.Radar01.Gen,2020-02-06 17:36:57
58c8994ea9f1278820c265563836a51a,72,62,PE_BENNY.3353.A,Malware.W32/Benny-3223,W32/Benny.3223a,W32.Benny.gen,Win32:Benny,Virus.Win32.Benny.3223,Trojan.Generic.1983791,W95/Benny-3219,Trojan.Generic.1983791,Univ.B,Malware.Radar01.Gen,2020-07-17 14:54:36
f43368f08cf9cf6919757996b38f3955,69,58,PE_RAINSO.4266-O,Malware.W32/Rainsong.3956.A,W95/RainSong.4262.a.dr,W32.RainSong.Gen,Win32:Way99-B,Virus.Win32.RainSong.4266,Trojan.Generic.1948756,W32/Rain-4266,Trojan.Generic.1948756,W32/RainSong.4266,Win32/Trojan.Generic.7b8,2020-08-12 07:16:51
40c2324b377eaf6aed9716dbf795a276,73,53,PE_SCHOOLGIRL.A,Malware.W95/Butool-910,W32/Butool.a,W95.SchoolGirl.910,Win32:Finaldo-O [Wrm],Virus.Win9x.Butool.910,Backdoor.Bowl.1.0,W95/SchGirl-910,Backdoor.Bowl.1.0,W32/Besc,Win32/Backdoor.BO.6b7,2020-02-08 04:59:18
b4a261d48268019c013557525160290c,70,66,PE_VIRUT.AP,Malware.W32/Virut.BO,W32/Virut.t.j,W32.Virut.W,Win32:Virtob,Virus.Win32.Virut.bu,Win32.Virut.U,W32/Virut-Gen,Win32.Virus.Virut.J,Generic Malware,Virus.Win32.Virut.Q,2020-08-11 05:46:06
988f6557958b4c325a4a930bc942a474,71,50,,Trojan.TR/Downloader.Gen,W32/Sabus.ow,W32.Sabus,,Virus.Win32.Sabus.a,Gen:Trojan.Heur.FU.amW@a8EICkd,Mal/Generic-S,Gen:Trojan.Heur.FU.amW@a8EICkd,Generic Suspicious,HEUR/Malware.QVM19.Gen,2020-08-11 07:25:36
7098ca6ea0e08917080b0b6b94970e32,73,59,PE_HENKY.3072,Malware.Michelangelo.1,Artemis!7098CA6EA0E0,W95.Henky.3072,Win95:HHBomb,Virus.Win32.Henky.3072,Trojan.Generic.2480368,W32/Henky-3072,Win32.Virus.Golem.A,Generic Suspicious,Malware.Radar01.Gen,2020-02-10 07:06:02
3e27e0437cdde730177521cb9a87171f,72,62,WORM_TEFUSS.GEN,Trojan.TR/Tefuss.a,Artemis!3E27E0437CDD,W32.HLLW.Tefuss,Win32:Vedex,Virus.Win32.HLLW.Tefuss.c,Generic.Malware.SM.564A4735,W32/Tefuss-A,Generic.Malware.SM.564A4735,W32/Tefuss.A.worm,Malware.Radar01.Gen,2020-02-09 05:33:16
301d7be0b11f26a9f7c32200f4862f5f,72,56,PE_BOLZANO.A,Malware.W32/Drop.Bolzano,W32/Bolzano.dr,W32.Bolzano.O,Win32:Bolzano-T,Virus.Win32.Bolzano.3164,Win32.Bolzano.3164,W32/Bolzano-M,Win32.Bolzano.3164,W32/Bolzano.3164,Malware.Radar01.Gen,2020-07-17 15:11:34
d2df4ed7b0653130e18cdc4730099caa,69,51,,Malware.W95/SillyWR.204.C,Artemis!D2DF4ED7B065,W95.SillyWR,Win32:SillyWR,Virus.Win9x.SillyWR.gen,Win95.SillyWR.204.C,W95/SillyWR204C,Win95.SillyWR.204.C,,Malware.Radar01.Gen,2019-07-03 13:17:18
d2cf1fdc3681f809f30632d47e077641,70,54,PE_WIDE.E-O,Malware.W32.Wide.b.dll,W32/Wide.dr,W95.Wideman.8135,Win32:Wide-E,Virus.Win32.Wide.b,Trojan.Generic.6271668,W32/Wide-B,Win32.Virus.Golem.A,W32/Wide.B.worm,Win32/Virus.340,2020-08-11 05:46:32
88050cc6b06d21c8168ff793cb548397,73,54,PE_GHOSTDOG2-O,Malware.W32/HLLP.GhostDog.B,W32/GhostDog.b,W32.HLLP.GhostDog.C,Win32:GhostDog-B,Virus.Win32.HLLP.Ghostdog.b,Gen:Trojan.FileInfector.au0@a0lY4nF,W32/GhostDog-2,Gen:Trojan.FileInfector.au0@a0lY4nF,W32/HLLP.GhostDog.B,Malware.Radar01.Gen,2020-05-09 19:15:51
75bdf1e21ea7c8bb636ae5cfef15e210,69,50,WORM_EDITOREX.A,Trojan.TR/Agent.VB.M,Artemis!75BDF1E21EA7,W32.Editorex,Win32:Editorex,Virus.Win32.VB.as,Trojan.Agent.VB.M,W32/VB-BTX,Trojan.Agent.VB.M,W32/Editorex.A.worm,Win32/Virus.85b,2020-08-11 07:26:43
91067a9e6d69731a45a45ea667840b3a,71,51,PE_STEPAN.A-O,Malware.W32/Stepar.G.dr,W32/Stepan.dr,W32.Perenast.gen,Win32:Stepan-B,Virus.Win32.Stepar.dr,Gen:Trojan.ExplorerHijack.buW@a4Thqrp,W32/Stepan-Fam,Gen:Trojan.ExplorerHijack.buW@a4Thqrp,W32/Stepar.A,Malware.Radar01.Gen,2020-08-12 06:17:58
06a90f8a8f36401ad5022f5467e817cf,72,61,Mal_Bits,Trojan.TR/Agent.dzc.1,Artemis!06A90F8A8F36,W32.Pagipef.B,Win32:Agent-OQJ [Trj],Virus.Win32.Xorer.a,Gen:Trojan.Heur.PT.aibdbSrHw4b,Mal/Packer,Gen:Trojan.Heur.PT.aibdbSrHw4b,Trj/Agent.DWY,Malware.Radar01.Gen,2020-07-20 10:27:31
ebcde85242e0079a4ddf1aeb1a6d8d91,69,52,TROJ_GEN.R002C0CGO20,Malware.W32/Gypet.dr,W32/Gypet,W32.Gypet,,Virus.Win32.Gypet.6340,Gen:Trojan.FileInfector.aqX@aWeKQEf,Mal/Generic-S,Gen:Trojan.FileInfector.aqX@aWeKQEf,Generic Suspicious,Malware.Radar01.Gen,2020-08-19 19:38:24
1aa79135c1aa9b97f7719e876376b854,70,52,PE_TOLONE.B-O,Malware.W32/Tolone,W95/Tolone.dr,W32.Tolone,Win32:Deemo,Virus.Win32.Tolone,Win32.Tolone.A,W32/Tolone-A,Win32.Tolone.A,W32/Tolone.A,Malware.Radar01.Gen,2020-08-12 20:20:12
34372673cbc1b8d07528182cf30932e8,61,40,NE_WINTINY,Malware.WIN/WINTIN-A,W16/Wintiny,Win.WinTiny,,Virus.Win16.Wintiny.c,Win.Tiny.731,WinTiny,Win.Tiny.731,Caro Magnum,,2020-08-14 13:38:52
a858a4962220d9e61d5e83c58ea07831,73,60,PE_TUFIK.AH-O,Malware.W32/Tufik.L,W32/Tufik.c,W32.Tufik.B,Win32:Tufik,Virus.Win32.Downloader.ao,Dropped:Generic.Malware.Sdld!.19222B7E,Mal/Behav-116,Dropped:Generic.Malware.Sdld!.19222B7E,W32/Tufik.K,Malware.Radar01.Gen,2020-04-22 22:24:40
e4f133ea5a2ad1974cd2ce74362f73ba,72,59,,Heuristic.HEUR/AGEN.1015073,W95/Leviathan.3236b,W95.Levi,Win32:MalwareX-gen [Trj],Virus.Win32.Levi.3236.b,Trojan.Generic.1909215,W95/Leviathan-B,Trojan.Generic.1909215,W95/Leviathan.3236B,Malware.Radar01.Gen,2020-02-09 03:34:55
9d5d2ab44263c69c813f371a87cd2d05,70,50,PE_USEM.B,Malware.W32/Usem.B,W32/Elkern.a.e,WNT.Elkern.2372,Win32:Usem,Virus.Win32.Usem.b,WinNT.Usem.B,,WinNT.Usem.B,W32/Elkern.drop,Malware.Radar01.Gen,2020-08-11 07:26:32
60b5c784b6e3b7e26dcc47d36945a3ca,71,55,PE_AOC.3676,Malware.W32/AoC.3676.C,W32/Anvil.gen,W32.AOC.3649,Win95:AnvilOfCrom [Drp],Virus.Win32.AOC.3676.a,Win32.AOC.A,W32/Anvil,Win32.AOC.A,W32/AOC.3676.A,Malware.Radar01.Gen,2020-07-16 09:02:56
449ac57443859ab3dd5c0f424068ef58,73,54,PE_INRAR.E,Malware.W32/Inta.1676,W32/Inrar,W32.Inrar.Gen,Win32:InRarCompanion,Virus.Win32.Inrar.a,Win32.Inrar.A,W32/Frizer,Win32.Inrar.A,W32/Inrar.12288,Malware.Radar01.Gen,2020-02-10 08:55:57
892ecc2529372f5a94484bbf3b6296ba,73,59,PE_SILLYWR180.A,Malware.W95/SillyWR.180,Artemis!892ECC252937,W95.SillyWR,Win32:SillyWR,Virus.Win9x.SillyWR.gen,Win95.SillyWR.180.A,W95/SillyWR-180,Win95.SillyWR.180.A,Generic Suspicious,Malware.Radar01.Gen,2020-04-14 15:15:10
262b591aedaeaf5a9f0ee14db93a5f14,65,46,,Malware.W32/Evul.H,Artemis!262B591AEDAE,,Win32:Evul,Virus.Win32.Evul.8192.h,Gen:Win32.FileInfector.auW@aOKhYCp,W32/Evul-A,Gen:Win32.FileInfector.auW@aOKhYCp,Generic Suspicious,Malware.Radar01.Gen,2019-03-12 00:47:01
23ae0cb6ac02c994ca7edb8944f7272a,72,50,TROJ_GEN.R002C0CHE19,Malware.W32/Lamchi.C,W32/Lamchi.intd,,Win32:Lamchi,Virus.Win32.Lamchi.c,Win32.Tachi.A,W32/Lamchi-B,Win32.Tachi.A,W32/Tachi.B,Malware.Radar01.Gen,2020-02-07 06:03:32
092216b00d017fb56dd330e3a64493c6,73,58,PE_HIV.6386,Malware.W32/HIV-6386,W32/Press.6386dr,W32.Press.Gen,Win32:HIV,Virus.Win32.HIV.6386,Win32.HIV.6386,Mid/W32-Hiv,Win32.HIV.6386,Univ.B,Win32/Virus.c02,2020-01-22 12:48:46
46dbf9ecd47c475f9d4fc7d5d41601bf,64,46,,Malware.W32/Andras,W95/Andras,,Win32:Andras,Virus.Win32.Andras.7300,Win32.Andras.7300,W95/Andras,Win32.Andras.7300,W32/Andras.7300,Malware.Radar01.Gen,2019-03-12 00:53:08
7570917cb4c1aab4d5ce2ba6106b6484,71,52,PE_THIZ.17408,Malware.W32/Thiz.17408,W32/HLL.ow.17408,Trojan.Gen.6,Win32:HLL,Virus.Win32.HLLO.Thiz.17408,Gen:Trojan.FileInfector.bGW@aamqJbf,W32/HLLO-17408,Gen:Trojan.FileInfector.bGW@aamqJbf,W32/HLLO.17408,Win32/Trojan.HLLO.9bb,2020-07-24 16:18:30
df017d817724e1a5690bc7e8eb9a4dbc,69,58,PE_BOZA.C.INTD,Malware.WIN/BIZATCA,W95/Boza.c.intd,W95.Boza,Win32:Scamp,Virus.Win9x.Boza.c,Win32.Boza.C,W95/Boza-A,Win32.Boza.C,W95/Boza.C,Win32/Trojan.3ae,2020-08-12 04:17:49
5f916ff65a3bad2de6000586e83c9faa,72,57,TROJ_SHINE.A,Trojan.TR/Shinex,W32/Waso.cmp,W32.HLLC.Happylow,Win32:Shinex [Wrm],Virus.Win32.HLLC.Shinex,Gen:Trojan.Heur.bmKff9!JICpi,W32/Nishe-A,Gen:Trojan.Heur.bmKff9!JICpi,HLLC.Gen,Malware.Radar01.Gen,2020-07-24 16:12:44
763e069a1adc98fc1c457a41704bef28,72,56,PE_CHAMP.5536,Trojan.TR/Redcap.jukpc,W32/NGVCK.g.dr.gen,W95.Champ.5447.b,Win95:Champagne-B,Virus.Win32.Champ.5536,Win32.Champ.Gen,W95/Champagne-A,Win32.Champ.Gen,W95/Champ.5447.Drp,Malware.Radar01.Gen,2020-07-17 20:20:53
38fd74af9ef1b95830201e1786dd30d6,71,55,PE_MINIPIG.A-O,Malware.W32/Miniparg.A.UPX,GenericRXHT-FO!11D4808E5268,,Win32:Evo-gen [Susp],Virus.Win32.Agent.a,Gen:Trojan.FileInfector.amGfaO!N4wo,Mal/Generic-E,Gen:Trojan.FileInfector.amGfaO!N4wo,Generic Suspicious,Malware.Radar01.Gen,2020-04-22 22:30:20
2cba462f3c2953fce0a2b54d0a88be27,69,56,PE_DION.A-O,Malware.W32/Dion.A,W32/Dion.dr,W95.Dion,Win95:Dion-B,Virus.Win32.Dion.a,Win95.Dion.A,W32/Dion,Win95.Dion.A,W32/Dion.C,,2020-08-12 22:31:28
3f3f29d39db95a5122b645981b3882a6,72,57,PE_99ways,Malware.W32/Rainsong.3956.A,W95/RainSong.3925.a.dr,W32.RainSong.Gen,Win32:Way99,Virus.Win32.RainSong.3925.b,Win32.Rainsong.3925.A.dr,W32/Rain-3925,Win32.Rainsong.3925.A.dr,Generic Suspicious,Malware.Radar01.Gen,2020-08-11 07:25:03
3881d76a7b7b8ceb66e6d8118af5cb1a,72,58,TROJ_DERVISE.A,Trojan.TR/Spy.Gen,W32/Dervise.worm,W32.HLLW.DW,Win32:Trojan-gen,Virus.Win32.HLLW.Dervise,Gen:Trojan.Keylogger.bGW@a4CHsNn,W32/Dervise-A,Gen:Trojan.Keylogger.bGW@a4CHsNn,W32/Dervise.A.worm,HEUR/Malware.QVM05.Gen,2020-07-27 05:58:20
afde6c18e0a8c1a03d38271b6c5d6e99,72,50,,Trojan.TR/Boza.asogd,W95/Boza.h.intd,W95.Boza,Win32:Trojan-gen,Virus.Win9x.Boza.f,Win95.Boza.F,W95/Boza-A,Win95.Boza.F,Generic Suspicious,Malware.Radar01.Gen,2020-04-14 02:23:37
ef13b6b74f9abd29b0b443eeed2c4e1a,69,52,TROJ_VOLE.A,Malware.W32/Evol.C,W32/Evol.dr,W32.Evol.Gen,Win32:Evol,Virus.Win32.Evol.c,Win32.Evol.A,W32/Evol-A,Win32.Evol.A,W32/Evol.B,Malware.Radar01.Gen,2020-08-12 05:03:13
cc3b85423b1f343d6c03ba784889740e,68,53,PE_GOENITZ.C,Malware.Michelangelo.1,Artemis!CC3B85423B1F,W95.Henky.Gen,Win95:HHBomb-D,Virus.Win32.Henky.3080,Win32.Henky.A,W32/Orochi-3080,Win32.Virus.Golem.A,W32/Henky.H,Malware.Radar01.Gen,2020-08-12 02:44:15
9c6617e350777a01fec6cf8534247046,71,57,PE_TAICHI.A,Malware.W32/Taichi,W32/Lamchi.intd,,Win32:Taichi,Virus.Win32.Lamchi.a,Win2K.Taichi.A,W32/Lamchi-A,Win2K.Taichi.A,W32/Tachi.A,Malware.Radar01.Gen,2020-05-16 11:30:19
7d8469939ab5df8e776754818fb6b4c8,67,48,WORM_YOSA.A,Gen:Trojan.Heur.amGfrHn4Y2faf,Generic VB.c,W32.SillyFDC,FileRepMalware,Virus.Win32.Yosa.a,Gen:Trojan.Heur.amGfrHn4Y2faf,Mal/VB-GI,Gen:Trojan.Heur.amGfrHn4Y2faf,Trj/Yosa.A,Malware.Radar01.Gen,2018-11-08 20:18:25
b605b2363f3a645567e11bdb6dfdbb5a,68,49,PE_HLLO.ANT.A,,W32/HLL.ow.ANT.a,W32.HLLO.Antz.gen,Win32:Ant1,Virus.Win32.HLLO.Ant.a,Gen:Trojan.FileInfector.au0@aKrkCVfi,W32/HLLO-Ant,Gen:Trojan.FileInfector.au0@aKrkCVfi,W32/HLLO.Ant.A,Malware.Radar01.Gen,2020-08-12 00:50:46
49bf9f4545c26edc2bca0e87072b6c14,63,40,NE_PADANIA.2730,Malware.Free,Tool/W311.dr2,Padania.3932,Win:FreePadania,Virus.Win16.Padania.b,Win.Padania.2290,Win/Padania,Win.Padania.2290,W16/Padania.2290,Malware.Radar01.Gen,2020-07-20 10:28:38
e0e8ed2da503ebd1d2be71e2a720316e,57,47,PE_SILLYWR200.B,Win95.SillyWR.200,Artemis!E0E8ED2DA503,W95.SillyWR,Win32:SillyWR,Virus.Win9x.SillyWR.gen,Win95.SillyWR.200,W95/SillyWR-200,Win95.SillyWR.200,Generic Suspicious,Malware.Radar01.Gen,2016-12-29 09:21:02
412c8006e3d3a272ab8f23a7423d9fae,72,58,PE_LANKY.3153,Malware.W32/Lanky.3153,W32/Lanky.a,,Win32:Alcaul-AA,Virus.Win32.Lanky.3153,Win32.Lanky.3153,W32/Lanky-A,Win32.Lanky.3153,W32/Lanky.3153,Virus.Win32.Pest.A,2020-02-08 06:11:53
4a64fbf98d489452380210981ffa807c,72,52,PE_INRAR.E,Malware.W32/Inta.1676,W32/Inrar,,Win32:InRarCompanion,Virus.Win32.Inrar.e,Win32.Inrar.E,Junk/Inrar-E,Win32.Inrar.E,W32/Inrar.B,Malware.Radar01.Gen,2020-07-09 23:33:05
50f711862208a0fa1523eae7fe79327e,68,47,PE_SILLYWR.218,Win95.SillyWR.218.A,Artemis!50F711862208,W95.SillyWR,Win32:SillyWR,Virus.Win9x.SillyWR.218.a,Win95.SillyWR.218.A,W95/Silly-218,Win95.SillyWR.218.A,Generic Suspicious,HEUR/Malware.QVM20.Gen,2018-11-07 23:26:32
6647a6136fde049e9ddca69d03878d32,72,60,PE_TINY.190,Malware.W95/SillyWR.190,Artemis!6647A6136FDE,W95.SillyWR,Win32:SillyWR,Virus.Win9x.SillyWR.gen,Win95.SillyWR.190,W95/SillyWR190B,Win95.SillyWR.190,Generic Suspicious,Malware.Radar01.Gen,2020-04-14 02:43:38
68f8709582af252dcc360b1569519d7d,72,50,,Malware.W32/HLLW.Gedac,W32/Alcop.a.ar,W32.Gedaz,Win32:Gedzac,Virus.Win32.HLLW.Gedac,Win32.HLLW.Cazdeg.A,W32/Cazdeg-A,Win32.HLLW.Cazdeg.A,Worm Generic,Malware.Radar01.Gen,2020-07-27 05:58:38
f5f6495b69bbcab6c42ef3fa887265c1,70,55,WORM_FLOPCOPY.E,Malware.W32/HLLW.VB.Q,W32/Generic.p.d,W32.SillyFDC,,Virus.Win32.HLLW.VB.q,Worm.Generic.8193,W32/Jincop-A,Worm.Generic.8193,W32/HLLW.VB.B,Malware.Radar01.Gen,2020-08-12 05:26:08
4960e53c9116c32e69fb0ff8a4f5cf24,69,52,,Trojan.TR/Mooder.A,Mooder,Trojan.Mood,Win32:Mooder-C,Virus.Win32.Mooder.k,Dropped:Trojan.Mooder.H,W32/Mooder-K,Dropped:Trojan.Mooder.H,Generic Suspicious,HEUR/Malware.QVM19.Gen,2020-08-11 07:24:01
5c96c0ed37bd5075d9981b3be54a7b91,70,51,PE_MENTAL.10000,Malware.W32/Mental.10016,W32/Mental.dr,W32.Nazka.Int,Win32:Mental-D,Virus.Win32.Mental.10000,Win32.Mental.10000,W95/Mental-10k,Win32.Mental.10000,Univ.B,Win32/Virus.ec1,2020-01-09 18:47:00
ef1e383f9e6bbd9468f73acfbd60d03f,56,49,TROJ_VB.DME,,Artemis!EF1E383F9E6B,W32.SillyDC,Win32:VBgen-ES@UPX [Wrm],Virus.Win32.VB.du,Generic.Malware.SD.F6EE9139,W32/SillyFD-A,Generic.Malware.SD.F6EE9139,Trj/VB.VK,Malware.Radar01.Gen,2016-12-29 09:25:03
ca3e195032c9ec56dc13c0f10a168cdc,69,54,PE_HIV.6382,Malware.W32/HIV-6382,W32/Press.6382dr,W32.Press.Gen,Win32:HIV,Virus.Win32.HIV.6382,Win32.HIV.6680,Mid/W32-Hiv,Win32.HIV.6680,Univ.B,Malware.Radar01.Gen,2020-08-12 02:54:01
68dc81e2d758d4d5ee1f6b7b8db35e5b,71,54,,Malware.W32/Legacy,W95/Legacy,W32.Legacy,Win32:Legacy,Virus.Win32.Legacy,Gen:Trojan.Heur.TP.bqX@bKcpuSm,W32/Legacy-A,Gen:Trojan.Heur.TP.bqX@bKcpuSm,W32/Legacy.A,Malware.Radar01.Gen,2020-05-10 15:31:52
a51633eea636a1e469dbe5cb80c4ceb8,70,53,,Malware.W32/Mogul.6806,W95/Mogul.d,W32.Shogun,Win32:Mogul-C,Virus.Win32.Mogul.6806,Win32.Mogul.6806,W32/Mogul-A,Win32.Mogul.6806,W32/Mogul.6806,Malware.Radar01.Gen,2020-08-11 07:23:55
f5c2934ca9f54c475f02793df64c67be,71,46,Possible_Virus,Malware.W95/Croman.1,W32/Society.a,,,Virus.Win9x.Croman,Win95.Necro.A,W32/Ngvck-I,Win95.Necro.A,Univ.B,Malware.Radar01.Gen,2020-04-17 11:10:57
268d94e6e055934b8b4a4cee17186696,70,59,PE_LEVI.3240,Trojan.TR/Spy.16384.1528,W95/Leviathan.3240,W95.Levi,Win32:MalwareX-gen [Trj],Virus.Win32.Levi.3240,Trojan.Generic.1746732,W95/Leviathan-B,Trojan.Generic.1746732,W95/Leviathan.3240,Malware.Radar01.Gen,2020-08-13 03:07:05
ae94a91c9092cb664f848106dfe6cfe1,70,52,Mal_Avc,Trojan.TR/Crypt.XPACK.Gen,W32/Saje.gen!p2p,W32.Jeya,Win32:Trojan-gen,Virus.Win32.Saje.a,Trojan.Generic.2123111,Mal/Generic-S,Trojan.Generic.2123111,Trj/Genetic.gen,HEUR/Malware.QVM19.Gen,2020-08-11 07:25:37
42e03d1b0d40fd8aa0672f017604bd48,72,53,PE_CHITON.D-O,Malware.W32/Chiton.BD,W32/Chiton.dr,W32.Chiton.gen,Win32:Chiton-AI,Virus.Win32.Chiton.p,Win32.Chiton.S,Mal/Generic-S,Win32.Chiton.S,W32/Chiton.P,Malware.Radar01.Gen,2020-07-17 20:30:49
158a54aa865dd71167050bbe94b394ff,71,53,,Malware.W32/Champ.5464.A,W95/Champagne.dr,W95.Champ.5447.b,Win95:Champagne,Virus.Win32.Champ.5477,Win32.Champ.Gen,W95/Champagne-A,Win32.Champ.Gen,Univ.EN,Malware.Radar01.Gen,2020-07-17 20:20:44
027acc537f9fdc62544dfa22aaafee4a,73,65,PE_CEKAR.C-O,Malware.W32/Delf.BZ,Artemis!027ACC537F9F,W32.Mumawow.F!inf,Win32:Evo-gen [Susp],Worm.Win32.Runfer.wkb,Trojan.Generic.7406820,Mal/EncPk-BW,Trojan.Generic.7406820,Trj/Genetic.gen,Malware.Radar05.Gen,2020-01-27 08:36:30
07da3f5f31a82c98b5851af113f37564,72,61,TROJ_AGENT.PTP,Trojan.TR/Crypt.FSPM.Gen,Artemis!07DA3F5F31A8,Trojan.Gen.6,Win32:Trojan-gen,Virus.Win32.Xorer.dy,Trojan.Generic.9270356,Mal/Packer,Trojan.Generic.9270356,Generic Suspicious,Malware.Radar01.Gen,2020-07-20 10:02:54
f1d2fb28dde094ed74f045bc720eb228,70,53,PE_RUFF.4864,Malware.W32/Ruff.4864.DR,W32/NGVCK.g.dr.gen,W32.Ruff,Win32:Ruff,Virus.Win32.Ruff.4864,W32.Ruff.4864,Junk/Ruff,W32.Ruff.4864,W32/Ruff.drop,Win32/Virus.6fe,2020-08-12 05:17:24
b0ad37aff85eb706876c213d2b02be3e,73,60,PE_NATHAN.3412,Malware.W95/Nathan.3412,,W95.Nathan.3792,Win32:Nathan,Virus.Win9x.Nathan.3412,Gen:Trojan.Heur.FU.aqX@aygk4Pc,W32/Nathan-3412,Gen:Trojan.Heur.FU.aqX@aygk4Pc,Univ.B,Malware.Radar01.Gen,2020-01-09 22:27:06
82f462b3d75bae7dc013a9481118d02a,68,42,,Malware.W32/Pardona.A,Artemis!82F462B3D75B,,Win32:Trojan-gen,Virus.Win32.Wuke.b,Gen:Variant.Graftor.Elzob.23361,W32/Pardona-L,Gen:Variant.Graftor.Elzob.23361,Generic Suspicious,Win32/Virus.6bf,2019-03-12 00:54:17
cc3306620565d11f15b00f00d9257da2,68,52,PE_INRAR.A,Malware.W32/Inrar.C,W32/Inrar,W32.Inrar.Gen,Win32:InRarCompanion,Virus.Win32.Inrar.f,Win32.Inrar.C,Junk/Inrar-C,Win32.Inrar.C,W32/Inrar.A,Malware.Radar01.Gen,2020-08-12 03:01:05
2acfa5284557d1f282423df421bcac50,63,38,TROJ_PADANIA.B,Trojan.TR/SymAOL.1,Tool/W311.dr2,Win.Pada.B.Int,Win:FreePadania,Virus.Win16.Padania.c,Trojan.SymAOL,Win/Padania,Trojan.SymAOL,W16/Padania.2290,Generic/Virus.96c,2020-07-21 06:56:40
ff89b85b9dcc4e91b685fca0a0c11c3e,70,40,,,Artemis!FF89B85B9DCC,W32.Subit,Win32:Lykov-B [Wrm],UDS:DangerousObject.Multi.Generic,Win32.Lykov.C,,Win32.Lykov.C,Trj/CI.A,Malware.Radar01.Gen,2020-08-12 16:21:36
098b36078e942379409bcc1eab805810,71,43,,Trojan.TR/Downloader.Gen,,W32.Pagipef.I,Win32:Pinx [Trj],Virus.Win32.Xorer.dt,Worm.Generic.24830,Mal/Generic-S,Worm.Generic.24830,Trj/Genetic.gen,Win32/Virus.ba9,2020-07-04 09:12:18
192c16542cd195ac1c4845cc6b99afab,69,59,PE_TICK.7859.B,Malware.W32/Hatred,Artemis!192C16542CD1,W95.Tick.gen,Win32:EvyljarRetro-C,Virus.Win9x.Tick.7859,Win95.Tick.7859,W95/TPick-7576,Win95.Tick.7859,Trj/Genetic.gen,Malware.Radar01.Gen,2020-08-13 01:58:31
eb31c19802fc0519e5f7438f202618ad,70,61,PE_ELKERN.D,Malware.W32/Elkern.C,,Trojan.Gen.6,Win32:Injected-AZ,Virus.Win32.Elkern.c,Win32.Elkern.C,W32/Elkern-C,Win32.Virus.Temcac.A@dam,W32/Elkern.C,Virus.Win32.ElKern.A,2020-07-22 17:00:34
ae89b789cb52c20314b986d9f576f350,72,58,PE_DARKMIL.5090,Malware.W95/Darkmil.5086,Artemis!AE89B789CB52,,Win32:Darkmil-B,Virus.Win9x.Darkmil.5086,Win95.Darkmill.5090,W98/Darkmil-A,Win95.Darkmill.5090,W95/DarkMill.5090,Malware.Radar01.Gen,2020-04-19 16:20:58
23c61ecc52902a57e3d8fd03faf196f0,72,57,PE_BOLZANO.A,Malware.W32/Drop.Bolzano,W32/Bolzano.2630.dr,W32.Bolzano.M,Win32:Bolzano-E,Virus.Win32.Bolzano.2676,Win32.Bolzano.2676,Mid/W32Bolz-G,Win32.Bolzano.2676,Univ.AP.K,Win32/Virus.BO.007,2020-07-17 15:11:20
c8d8f4aac8ad0b0f6d6336c8d3c7d5bc,70,55,PE_INTAR.A,Malware.W32/Intar.1920,Artemis!C8D8F4AAC8AD,W32.Intar,Win32:Integrator-B,Virus.Win32.Intar.1920,Win32.Intar.1920,W95/Integr-1920,Win32.Intar.1920,Univ.B,Malware.Radar01.Gen,2020-01-09 19:35:06
84f7c416e0c74cfb2091198638fc8bf1,73,54,PE_PROGET.A,Worm.WORM/Progeto,W32/Proget.worm.a,,Win32:Proget1,Virus.Win32.HLLW.Proget.a,Win32.HLLW.ProGet.18432,Troj/Proget-A,Win32.HLLW.ProGet.18432,W32/HLLW.Proget,Malware.Radar01.Gen,2020-04-20 09:45:33
4a3cf9d9b098ed2ec0411545f3a9d755,69,48,,Malware.W32/Suk,W95/Suk.8044dr,W95.SK,Win32:Malware-gen,Virus.Win9x.SK.8044,Win95.SK.8044,W95/Suk-A,Win95.SK.8044,,HEUR/Malware.QVM20.Gen,2019-07-03 13:30:24
69f7b2d423a794cc90d1ab77264d0e5c,71,55,PE_SILLYWR182.A,Malware.W95/SillyWR.182,Artemis!69F7B2D423A7,W95.SillyWR,Win32:SillyWR,Virus.Win9x.SillyWR.gen,Win95.SillyWR.179.A,W95/SillyWR-182,Win95.SillyWR.179.A,Generic Suspicious,HEUR/QVM20.1.F8F3.Virus.Win9x.SillyWR,2020-01-09 20:19:31
be50d55cc45a4984254f90d28cd04011,72,59,PE_DROL.5337,Malware.W32/Drol,W95/Drol.a,W32.Drol.5337.A,Win95:Drol,Virus.Win32.Drol.5337.a,Trojan.Generic.1995771,W95/Drol-5337,Trojan.Generic.1995771,W95/Drol.5337,Win32/Virus.ba1,2020-07-23 16:32:30
fe176e2994239024d7917312f83dc390,68,45,LE_Generic,Win95.Bogres.A,Artemis!FE176E299423,W95.I13.8192,Win32:Borges,Virus.Win9x.I13.h,Win95.Bogres.A,W95/I13-A,Win95.Bogres.A,Generic Suspicious,Malware.Radar01.Gen,2018-09-18 12:08:07
d0fa6d47d348658f27b1ece8e6a58498,72,56,PE_SILLYWR.209,Malware.W95/SillyWR.209,,,Win32:SillyWR,Virus.Win9x.SillyWR.gen,Win95.SillyWR.206.A,W95/SillyWR209A,Win95.SillyWR.206.A,W95/SillyWR.drop,Malware.Radar01.Gen,2020-02-06 18:54:15
f1835d569afd7b439ad41e5b97434043,68,55,PE_BOLZANO.C,Malware.W32/Drop.Bolzano,W32/NGVCK.g.dr.gen,W32.Bolzano.4096,Win32:Bolzano-Z,Virus.Win32.Bolzano.4096.c,Win32.Bolzano.4096.C,W32/Bolzano-C,Win32.Bolzano.4096.C,W95/Bolzano.4096.C,Malware.Radar01.Gen,2020-08-12 07:03:47
2e7a33a69b6a45e644fc29930ebe1891,72,52,PE_HLL0.HARRIER1,Malware.W32/Harrier.5,W32/Harriet.ow,W95.HLLO.Harrier,Win32:Harrier-C,Virus.Win32.HLLO.Harrier.18210,Win32.HLLO.Harrier.18210,W32/Harrier-ZMK,Win32.HLLO.Harrier.18210,W32/HLLO.Harrier.18210,Win32/Trojan.efd,2020-07-24 16:13:09
66f9185d3247fbc2d6957084ab71e777,70,54,TROJ_GEN.R002C0CHB20,Malware.W32/Ginra.3657,W95/Miam.gen,W32.Ginra,Win32:Ginra,Virus.Win32.Miam.3657,Win32.Miam.3657,W32/Miam-C,Win32.Miam.3657,W32/Miam.C,Malware.Radar01.Gen,2020-08-13 00:46:04
5233058df43b442f08d39d5bc92a6a02,71,62,Mal_MLWR-24,Trojan.TR/Crypt.FKM.Gen,Generic Malware.dm,,Win32:Agent-HFX [Trj],Virus.Win32.AutoRun.akt,GenPack:Generic.Malware.Bdld.EB4E60D1,Mal/Behav-095,GenPack:Generic.Malware.Bdld.EB4E60D1,Generic Malware,Win32/Virus.a16,2020-04-22 22:24:15
cc99217017a827bbc50d6e1857bf0129,66,48,PE_HLLO.ANT.D,Malware.W32/HLLO.Ant.D,W32/HLL.ow.ANT.d,W32.HLLO.Antz.gen,,Virus.Win32.HLLO.Ant.d,Gen:Trojan.FileInfector.au0@amlr!hgi,W32/HLLO-Ant,Gen:Trojan.FileInfector.au0@amlr!hgi,W32/HLLO.Ant.D,Malware.Radar01.Gen,2020-08-12 03:01:24
30d6a2b2829d1fea68a481b919d7be37,63,43,NE_TENTA.10634-O,,Shell.10634.a,,Win:Shell,Virus.Win16.Tentacle_II.a,Win16.Tentacle.10596,Tentacle II,Win16.Tentacle.10596,Tentacle.10634,Malware.Radar01.Gen,2020-04-19 17:00:57
b3a9b43a99d9c1a44b28cb133e67013c,69,54,PE_THORIN.D-O,Malware.DOS/Thorin.11932,W95/Thorin.9554,ML.Attribute.HighConfidence,Win32:Thorin,Virus.Win32.Thorin.e,Gen:Trojan.IRC-Worm.bqX@aKZ1Cdc,W32/Thorin-C,Gen:Trojan.IRC-Worm.bqX@aKZ1Cdc,W32/Thorin.drop,Malware.Radar01.Gen,2020-08-12 06:18:26
7717b0f79da72b7b413737f01e77d046,71,47,TROJ_GEN.R99C1DA,Trojan.TR/Downloader.Gen,,W32.Pagipef.I,Win32:Pinx [Trj],Virus.Win32.Xorer.cr,Trojan.Pinx.F,Mal/Generic-S,Trojan.Pinx.F,W32/Xorer.C.worm,Win32/Virus.8f6,2020-07-04 09:11:32
96ab56ecaf518e6fe1bc60eb8a381b61,72,57,PE_SILLYWR.204.B,Malware.W95/SillyWR.204.B,Artemis!96AB56ECAF51,W95.SillyWR,Win32:SillyWR,Virus.Win9x.SillyWR.gen,Win95.SillyWR.204.B,W95/SWR-204,Win95.SillyWR.204.B,W95/SillyWR.drop,Malware.Radar01.Gen,2020-01-09 22:53:10
b6bbea0170275da3fb47435ec888e74a,64,38,,Malware.W32/Intar.2003,W32/Godog.worm,,Win32:Integrator-B,Virus.Win32.Intar.2003,Win32.Intar.1854,Mal/Generic-S,Win32.Intar.1854,Generic Suspicious,Malware.Radar01.Gen,2019-03-12 00:55:47
05246f361723fa0a9d6b0414d7c9656b,73,58,PE_BOZA.D,Malware.WIN/Boza,W95/Boza.d,W95.Boza.d,Win95:Boza-D,Virus.Win9x.Boza.d,Win32.Intended.Boza.D,Boza-d,Win32.Intended.Boza.D,W95/Boza.D,Malware.Radar01.Gen,2020-02-14 04:09:30
fa2d955638f6c153b1d7fef903fbb303,58,38,TROJ_GEN.R047C0EGS16,Trojan.Generic.4181499,W32/NGVCK.dr.gen,W32.Ceel,Win32:Ceel,Virus.Win32.Ceel.c,Trojan.Generic.4181499,Mal/Generic-S,Trojan.Generic.4181499,Generic Suspicious,Malware.Radar01.Gen,2016-12-29 09:20:58
334215be25fe0b1d4ce4286318fd0472,69,59,TROJ_DLOADER.OI,Trojan.TR/Downloader.Gen,Spam-Mailbot.am,Downloader,FileRepMalware,Virus.Win32.Iframer.c,Trojan.Generic.3036573,Mal/Keatep-A,Trojan.Generic.3036573,Trj/Downloader.VEM,Malware.Radar01.Gen,2019-12-04 06:39:54
e89b6716295583d767588edbbd7df872,67,45,,Malware.W32/Inrar.B,W32/Inrar,,,Virus.Win32.Inrar.b,Win32.Inrar.B,W32/Frizer,Win32.Inrar.B,W32/Inrar.12288,Malware.Radar01.Gen,2020-04-20 07:20:48
7c0cd57a1c03cb499effad4ae927cbef,70,48,WORM_VB.BWG,Trojan.TR/Over.B,Generic.dbw,W32.Iteb.A,,Virus.Win32.VB.bw,Win32.Worm.Vb.AJR,Mal/VB-F,Win32.Worm.Vb.AJR,Generic Suspicious,Malware.Radar01.Gen,2020-08-11 07:26:54
5cec778ecb4b1f359bffbed59d208ef8,71,53,PE_HLLP.XINFECT,Malware.W32/VB.XInfector,Term,,Win32:GhostDog,Virus.Win32.HLLP.Xinfect.a,Win32.HLLP.Xinfect.A,W95/Xinfect,Win32.HLLP.Xinfect.A,W95/HLLP.Xinfect.A,Win32/Virus.831,2020-04-22 21:32:59
69c5ffa6fc2b9127d13e62c88e5b603e,71,55,WORM_FLOR.A,Malware.W32/HLLW.Flor,W32/Flor.worm,W32.HLLW.Flor,Win32:Flor,Virus.Win32.HLLW.VB.af,Gen:Trojan.Heur.au0@XSuUshki,W32/Flor-A,Gen:Trojan.Heur.au0@XSuUshki,W32/HLLW.Flor,Win32/Virus.HLLW.8d2,2020-07-27 05:58:31
25f2c5bd848b29608e51ff3932bee995,72,56,PE_REDEMPTION.B,Malware.W95/Redemption,W32/Redemption,W32.Redemption,Win32:REDemption,Virus.Win32.Redemption.b,Win32.Redemption.9068,W32/Redemption,Win32.Redemption.9068,W95/Redemption.6353,Malware.Radar01.Gen,2020-08-11 07:25:13
2c2a9f360f45abfe7efd5aadea122cbb,69,54,PE_USEM.A,Malware.W32/Usem.A,W32/Elkern.a.d,WNT.Elkern.2372,WinNT:Usem,Virus.Win32.Usem.a,WinNT.Usem.A,W2K/Usem-A,WinNT.Usem.A,W32/Elkern.drop,Malware.Radar01.Gen,2020-08-12 22:05:33
a9bc8c8f4e53eb73de4178ba7907b72f,55,35,HTML_IFRAME.KQ,Generic.Virtob.2.0A58C0DC,Exploit-Iframe.gen.k,Trojan.Maliframe!html,HTML:Iframe-inf,Virus.Win32.Virut.an,Generic.Virtob.2.0A58C0DC,Troj/Fujif-Gen,Generic.Virtob.2.0A58C0DC,W32/Mefir.C,virus.html.url.7,2016-06-17 12:09:21
584655a11ad3ddc40f2de4b14fa156f9,72,57,PE_CARGO.11935,Malware.W32/Hatred,W32/Cargo.a,W32.Cargo.Int,Win32:EvyljarRetro-C,Virus.Win32.Cargo.11935,Win32.Cargo.11935,W95/Cargo,Win32.Cargo.11935,Trj/Genetic.gen,Malware.Radar01.Gen,2020-07-17 15:38:16
6117fe5cb88546d263746b2103607f72,72,54,TROJ_GEN.R03BC0DGA20,Trojan.TR/Eletiamo,Artemis!6117FE5CB885,W32.Elet,Win32:Eletiamo,Virus.Win32.HLLW.Eletiamo,Win32.Elena.A,Troj/Elena-A,Win32.Elena.A,W32/Elena,Malware.Radar01.Gen,2020-07-27 05:58:23
dc3fab0740a67b68a03233db979db7b5,65,41,,Malware.W32/Hortiga.4038,Artemis!DC3FAB0740A6,,Win32:Hortiga,Virus.Win32.Hortiga.4805,Win32.Hortiga.A,Mal/Generic-S,Win32.Hortiga.A,Generic Suspicious,Malware.Radar01.Gen,2019-03-12 00:56:49
2ba9b552b78ee8600ff095639b50dd92,70,56,PE_SEPPUKU.B-O,Malware.W32/Seppuku.9728,W32/NGVCK.g.dr.gen,W32.Seppuku.9728,Win32:Seppu,Virus.Win32.Seppuku.9728,Win32.Seppuku.9728,W32/Seppuku-A,Win32.Seppuku.9728,Univ.B,Malware.Radar01.Gen,2020-08-20 07:28:30
ae8093b3561057676c327823b55be034,65,44,,Trojan.TR/Patched.Ren.Gen,Artemis!AE8093B35610,,Win32:Levi-H,Virus.Win32.Levi.2973,Win32.Levi.2973,W98/Milenum-C,Win32.Levi.2973,Generic Suspicious,Malware.Radar01.Gen,2019-03-12 00:57:11
d9f15739c6dad329611be86d1299b2f5,72,56,PE_EVOL_A.DR,Malware.W32/Evol.A,W32/Evol.dr,W32.Evol.Gen,Win32:Evol,Virus.Win32.Evol.a,Win32.Evol.A,W32/Evol-A,Win32.Evol.A,Univ.B,Malware.Radar01.Gen,2020-07-23 20:09:57
61e977d8a312cae0e821a9af9d3003dd,67,47,WORM_TEFUSS.GEN,Generic.Malware.SM.24A8C2D7,Artemis!61E977D8A312,Trojan.Gen.6,Win32:Vedex,Virus.Win32.HLLW.Tefuss.b,Generic.Malware.SM.24A8C2D7,W32/Tefuss-B,Generic.Malware.SM.24A8C2D7,W32/Tefuss.B,Malware.Radar01.Gen,2018-11-08 20:15:42
467b6814e86aaf0247b55412a18e4121,72,57,WORM_SPYBOT.PA,Malware.W32/HLLP.Hantaner.D,W32/HLLP.Hantaner.d.worm,ML.Attribute.HighConfidence,Win32:Hantaner-D@UPX [Wrm],Virus.Win32.HLLP.Hantaner.d,Gen:Trojan.FileInfector.amGfaWDTavd,W32/Hantaner-D,Gen:Trojan.FileInfector.amGfaWDTavd,W32/Enerkaz.H.worm,Win32/Virus.HLLP.9fe,2020-05-15 10:02:23
2e906ee83fe3d52ffa562d4ab1dd2a7b,72,54,PE_EVOL_B.DR,Malware.W32/Evol.B1,W32/Evol.dr,W32.Evol.Gen,Win32:Evol,Virus.Win32.Evol.b,Win32.Evol.A,W32/Evol-A,Win32.Evol.A,Univ.B,Malware.Radar01.Gen,2020-07-23 20:10:00
e9b095f8307a832d5e6031ad4ef85438,72,63,PE_AOC.3649,Malware.W32/AnvilCrom,W32/Anvil.gen,W32.AOC.3649,Win95:AnvilOfCrom,Virus.Win32.AOC.3649.a,Win32.AOC.3649,W32/Anvil,Win32.AOC.3649,W32/AOC.3649.A,Malware.Radar01.Gen,2020-07-16 09:02:48
36a649b160621096f6e31814ba1a131d,68,48,PE_HLLO.ANT.B,Malware.W32/HLLO.Ant.B,Artemis!36A649B16062,W32.HLLO.Antz.gen,Win32:Ant,Virus.Win32.HLLO.Ant.b,Gen:Win32.FileInfector.au0@ayLLaIbi,,Gen:Win32.FileInfector.au0@ayLLaIbi,Generic Suspicious,Malware.Radar01.Gen,2019-09-28 06:01:02
e9b5391df6659f90c9576eb41157e882,69,50,PE_STEPAR.DR,Malware.W32/Stepan.Drp,W32/Stepan.dr,W32.Perenast.gen,,Virus.Win32.Stepar.m,Gen:Trojan.ExplorerHijack.buW@ae6JFj,W32/Stepan-Fam,Gen:Trojan.ExplorerHijack.buW@ae6JFj,W32/Stepan.Drp,Malware.Radar01.Gen,2020-08-12 06:18:01
64ba712432cf2d609a7022af4aabfdfc,70,50,PE_HLL0.12355,Malware.W32/HLL.12355,W32/HLL.12355,W32.HLLO.12355,Win32:Trojan-gen,Virus.Win32.HLLO.12355,Win32.HLLO.12355,HLLO/12355,Win32.HLLO.12355,W32/HLLO.12355,Malware.Radar01.Gen,2020-08-13 00:21:26
9920f95ab4438a1b4e023a6a1845d75d,70,45,PE_QEDS.B,Malware.W32/VB.AC.patch,W32/QQpass!patch,W32.Qdens!inf,,Virus.Win32.VB.ac,Trojan.Generic.5794070,Mal/Generic-S,Trojan.Generic.5794070,W32/Qeds.D,Malware.Radar01.Gen,2020-08-11 07:26:37
9247b70ace4c88171334c42bfcdde400,73,54,PE_MAGIC.3038,Malware.W32/Magic.3038,W32/NGVCK.g.dr.gen,W95.Magic.3038.Int,Win32:MagicVooDoo-B,Virus.Win32.Magic.3038,Win32.Magic.3038.A,W32/Magic-3038,Win32.Magic.3038.A,Univ.B,Malware.Radar01.Gen,2020-04-14 09:10:27
3cb16243c8f83154f3592c3fe3ff49cf,65,42,,Malware.W32/HLLW.Ghotex.b,W32/Ghotex,W32.Ghotex.A,,Virus.Win32.HLLW.Ghotex.b,Trojan.GenericKD.40338747,W32/Ghotex-B,Trojan.GenericKD.40338747,W32/Ghotex.B.worm,Win32/Virus.HLLW.dda,2019-08-14 01:07:04
f2d1d7c8fd9f87f6c608bb1f10530026,60,29,,Win32.Worm.Sohanad.NAU,,W32.Imaut,AutoIt:Agent-AEF [Trj],Virus.Win32.AutoIt.g,Win32.Worm.Sohanad.NAU,W32/Sohana-AN,Win32.Worm.Sohanad.NAU,,Malware.Radar01.Gen,2018-07-12 00:14:05
3b32a9566f0701cf47ce504d3d9fc688,72,54,PE_MAGIC.3078,Malware.W32/Magic.3083,W32/NGVCK.g.dr.gen,W95.Magic.3038.Int,Win32:MagicVooDoo-B,Virus.Win32.Magic.3078,Win32.Magic.3078,W32/Magic-3038,Win32.Magic.3078,Univ.B,HEUR/Malware.QVM20.Gen,2020-02-10 06:28:45
c423bdf27b1e63c2490217f4d7b19159,59,27,PE_BABYLONIA-1,,W95/Babylonia.plugin.dr,Trojan.Gen.6,,Virus.Win9x.Babylonia.Plugin.Dropper,,W95/Babylonia,,W95/Babylonia.12606,Generic/Virus.Dropper.7d7,2020-06-02 04:03:58
eec4fb6fc7560194f5e704ae69bff83a,57,43,TROJ_GEN.R047C0CGT16,Generic.Malware.SMhid.89909797,W32/NGVCK.intd,W32.Cicho,Win32:TriCursed,Virus.Win32.Lamicho.e,Generic.Malware.SMhid.89909797,Mal/Generic-S,Generic.Malware.SMhid.89909797,W32/Nilit.F.worm,Malware.Radar01.Gen,2016-12-29 09:19:01
c1eebb48826ec1e226d447454131f802,73,52,TROJ_CORRP.MCS,Malware.W32/Small.1358.dam,VTool/xasm,W32.Enerlam.2774,Win32:Trojan-gen,Virus.Win9x.Small.1358,Gen:Trojan.Heur.GM.0404418800,W95/Enerlam-A,Gen:Trojan.Heur.GM.0404418800,Generic Suspicious,Win32/Virus.9b3,2020-04-22 23:20:50
95703645eb6d9e303eba99cf75ed22a7,71,55,PE_BOLZANO.A,Malware.W32/Drop.Bolzano,W32/Bolzano.dr,W32.Bolzano.N,Win32:Bolzano-U,Virus.Win32.Bolzano.3100,Win32.Bolzano.3100,W32/Bolzano-J,Win32.Bolzano.3100,W32/Bolzano.3100,Malware.Radar01.Gen,2020-08-10 11:07:53
c240d227abee1da1b92d5626593b718b,69,48,PE_HLPLUCKY,Malware.HLP/Lucky.2,W95/Lucky,HLP.LuckyH,Win95:Lucky [Drp],Virus.WinHLP.Lucky,WinHLP.Lucky.A.dr,,WinHLP.Lucky.A.dr,W32/Lucky.A,Malware.Radar01.Gen,2020-08-11 05:47:36
43b18a210e016c175c1956c801c15699,70,48,,Malware.W32/Wide.C.dll,W32/Wide.dr,W95.Wideman.8135,Win32:Wide-D,Virus.Win32.Wide.7910,Win32.Ngvck.Intended,W32/Awain-A,Win32.Virus.Golem.A,Generic Suspicious,Malware.Radar01.Gen,2020-08-11 05:46:29
c8b50287337ca9e3c1868385ddb62995,72,59,TROJ_SWOOP.A,Malware.W32/VB.f,Generic.bxe,Trojan.Swoop,Win32:Malware-gen,Virus.Win32.VB.f,Gen:Trojan.VBMalware.amKda4Qcgfoi,Mal/VB-F,Gen:Trojan.VBMalware.amKda4Qcgfoi,Generic Malware,Malware.Radar01.Gen,2020-07-04 09:04:17
7c451020e871afa0a57514d7d92d0756,70,50,PE_HATRED.A-O,Malware.W32/Hatred,W32/Hatter.dr,W32.Hatred.gen,Win32:EvyljarRetro-C,Virus.Win32.Hatred.a,Win32.Intended.Hatred.A,W98/Hatred-A,Win32.Intended.Hatred.A,Generic Suspicious,Malware.Radar01.Gen,2019-03-12 00:54:52
561c40461f83f3d697049e0d569c4fad,71,60,PE_PRIEST.1486,Malware.W95/Priest.1521,W32/Priest.gen,W95.Priest.1521,Win95:Priest,HEUR:Trojan.Win32.Generic,Win95.Priest.1486,W95/Priest-Fam,Win95.Priest.1486,W95/Priest.1486,Malware.Radar01.Gen,2020-04-14 12:21:14
4d277ec8e713e9f0530e0262085ef21e,68,48,TROJ_SMOGDROP.F,Malware.W32/Smog.B.1,W32/NGVCK.g.dr.gen,W32.Smog,,Virus.Win32.Smog.b,Win32.Smog.B,W32/Smog-B,Win32.Smog.B,Generic Suspicious,Win32/Trojan.772,2020-08-12 06:17:50
216f5e706dced60e2b8b9a4140f86ca8,70,60,PE_MUTT.8166.B,Malware.W32/Ultratt.8166.b,Artemis!216F5E706DCE,W32.Ultratt.8167,Win32:Mutt-C,Virus.Win32.Ultratt.8166.b,Win32.Ulratt.8166.C,W32/Ultratt-B,Win32.Ulratt.8166.C,W95/Mutt.8166.B,Malware.Radar01.Gen,2020-08-13 02:13:31
673c980b1e4ed575ab050751b319cefe,70,52,PE_UNDERTAK.DAM,Malware.W32/Undertaker.B,W32/Undertake.dr,W95.Undertaken.4883,Win32:Undertaker-D,Virus.Win32.Undertaker.4883.b,Trojan.Generic.2173626,W32/Undertaker,Trojan.Generic.2173626,Univ.B,Win32/Virus.061,2020-08-11 07:26:30
0b5e89dc95cfd7c89a61aeddf100913b,70,55,PE_HLLP.VB.C,Malware.W32/HLLP.VB.c,W32/HLLP.a.14001,ML.Attribute.HighConfidence,Win32:Progetto,Virus.Win32.HLLP.VB.c,Gen:Trojan.Heur.bu1@fHBsTsjG,W32/HLLPVB-C,Gen:Trojan.Heur.bu1@fHBsTsjG,W32/HLLP.VB.C,Malware.Radar01.Gen,2020-08-12 20:02:02
3cdc8f831d154598c59a5269b158097f,67,52,WORM_VB.EJA,Gen:Variant.Graftor.21848,Artemis!3CDC8F831D15,W32.Drom,Win32:Nilage-AI [Trj],Virus.Win32.Delf.bw,Gen:Variant.Graftor.21848,Mal/PWS-K,Gen:Variant.Graftor.21848,Trj/Genetic.gen,Win32/Trojan.71d,2018-11-08 22:35:05
6eb5fdc7a80cb6b551b7aee3242ea9e4,69,52,PE_BOLZANO.A,Malware.W32/Bolzano-3628.A,W32/Bolzano.dr,W32.Bolzano.P,Win32:Bolzano-Q,Virus.Win32.Bolzano.3628,Win32.Bolzano.3628,W32/Bolzano-N,Win32.Bolzano.3628,W32/Bolzano.3628,,2020-08-13 02:47:46
5e07abeca7833ccbaed0f1e94d48ab01,71,52,PE_BOLZANO.A,Malware.W32/Drop.Bolzano,W32/Bolzano.dr,W32.Bolzano.3192,Win32:Bolzano-R,Virus.Win32.Bolzano.3192,Win32.Bolzano.3192,W32/Bolzano-L,Win32.Bolzano.3192,W32/Bolzano.3118.A,Win32/Virus.BO.19c,2020-07-17 15:11:37
c161de738ef3ea425cab696c3c7db27c,72,56,PE_HENKY.657,Trojan.TR/RedCap.frnko,W95/Henky.intd,,Win95:RedWarrior,Virus.Win32.Henky.657,Win32.Intended.Henky.657,W32/Henky-657,Win32.Intended.Henky.657,Generic Suspicious,Malware.Radar01.Gen,2020-04-20 12:10:52
dc7bfff2cf0a8119b1b3ec0577062947,65,42,,Trojan.TR/RedCap.szlet,W95/Champagne.dr,,Win95:Champagne,Virus.Win32.Champ.5447,Win32.Champ.5447.B,,Win32.Champ.5447.B,Generic Suspicious,Malware.Radar01.Gen,2019-03-12 00:55:12
be926175be6111b3f8c9a9ff3e7fce58,72,52,TROJ_GEN.R002C0DAA20,Malware.W32/Small.1375.dam,VTool/xasm,W32.Enerlam.2774,Win32:Trojan-gen,Virus.Win9x.Small.1375,Gen:Trojan.Heur.GM.0404418800,W95/Enerlam-A,Gen:Trojan.Heur.GM.0404418800,Generic Suspicious,Win32/Trojan.17a,2020-05-10 13:28:00
2efd789e4784715aac017bdccb664c0d,62,34,NE_WINVIK.A,Malware.W16/aep.A,W16/WinVik.gen,,Win:AEP-C,Virus.Win16.AEP.1130,,Win/AEP-1130,,WinVik,Win32/Trojan.338,2020-04-17 10:45:30
f12b72afda188a03d551abbaad02eae2,55,38,HTML_IFRAME.JOE,Trojan.IFrame.D,Downloader-AYJ,Trojan.Maliframe!html,HTML:Iframe-BLG [Trj],Virus.Win32.Delf.bn,Trojan.IFrame.D,Mal/Iframe-F,Trojan.IFrame.D,,virus.html.url.7,2016-07-29 12:46:45
47fb436065c44d18d50c495cf6c85914,71,52,TROJ_SMOGDROP.D,Malware.W32/Smog.dam,W32/Smog.gen,W32.Smog,Win32:Smog-C,Virus.Win32.Smog.d,Win32.Smog.D,W32/Smog-D,Win32.Smog.D,Generic Suspicious,Win32/Trojan.3e0,2020-08-12 06:17:51
6e014cf57fb8418150b9efa033a8c384,70,55,PE_PUNKMALE.B,Malware.W32/Chiton.BD,W32/Chiton.dr,W32.Chiton.gen,Win32:Chiton-AI,Virus.Win32.Chiton.j,Win32.Chiton.S,W95/Chiton-F,Win32.Chiton.S,Generic Suspicious,Win32/Virus.96e,2020-08-13 02:44:08
7fb39f66fa6ffa344a1b8997843d91d7,72,53,PE_VIOLON.B,Malware.W32/NoViolece.2,W32/Novelce.b,,Win32:Novelce-B [Wrm],Virus.Win32.HLLC.Novelce.b,Gen:Trojan.FileInfector.au0@aS75myy,W32/VB-BCC,Gen:Trojan.FileInfector.au0@aS75myy,W32/Novil.B,Malware.Radar01.Gen,2020-05-11 04:45:49
428b75a90397e7d8baea7c36361ce441,72,58,PE_DOSER.4183-O,Malware.W32/Doser.4183,W32/Doser.4183,W32.TestMy.gen,Win32:Doser,Virus.Win32.Doser.4183,Trojan.Generic.1789289,W32/Doser-4183,Trojan.Generic.1789289,Univ.B,Malware.Radar01.Gen,2020-07-22 16:49:52
4b3df32b0bd1947e939c857913e9985e,69,40,TROJ_GEN.R002C0CJI19,Malware.W32/Remcom.A,W32/Generic.worm.b,Trojan.Gen.6,Win32:Remcom,Virus.Win32.HLLP.Remcom,Gen:Trojan.Heur.bm0@fDmF3Vni,W32/Remcom-A,Gen:Trojan.Heur.bm0@fDmF3Vni,W32/HLLP.Remcom.A,Trojan.Generic,2019-10-20 03:24:24
aece808435793f76f9eaf3638e9c3ba3,68,51,PE_INVICTUS.DLL,Malware.W32/Invictus.103.A,W32/Invictus.dll,W32.Invictus.dll,Win32:InvictusDLL,Virus.Win32.InvictusDLL.103.a,Win32.InvictusDLL.200,W32/INVICTUS-A,Win32.InvictusDLL.200,Univ.B,Win32/Trojan.3d0,2019-08-19 09:20:04
4f4f310f842260d914824f93da6269b0,67,53,TROJ_DELF.C,Win32.Worm.Niklaus.21,W32/Neklace.gen,Trojan.Gen.6,Win32:Delf-A@FSG,Virus.Win32.HLLP.Delf.c,Win32.Worm.Niklaus.21,Mal/Packer,Win32.Worm.Niklaus.21,Trj/Genetic.gen,Malware.Radar01.Gen,2018-02-21 19:51:51
5d9c7e8815fe9a3b221aa0777328fb7d,69,53,PE_KURGAN.10240,Malware.W95/Kurgan.10240,W95/Kurgan,W95.Kurgan,Win95:Kurgan,Virus.Win9x.Kurgan.10240,Win32.Wurgan.A,W98/Kurgan,Win32.Wurgan.A,W32/Kurgan.A,Malware.Radar01.Gen,2020-05-10 01:07:54
67b8741d3c58c15d30991419acf87a48,70,57,PE_KRIZ.4075-O,Malware.W32/Kriz-Based,W32/Kriz.dr,W32.Kriz,Win32:Kriz-B,Virus.Win32.Kriz.4075,Gen:Variant.Graftor.96931,W32/Kriz-4075,Gen:Variant.Graftor.96931,W32/Kriz.drop,Malware.Radar01.Gen,2020-01-09 20:08:44
da6491ac2b6ef6fe3db50fd7cc041bbe,69,46,Cryp_Xed-16,Malware.W32/NGVCK.a,Artemis!DA6491AC2B6E,Trojan.Gen.6,,Virus.Win32.Pioneer.dg,Win32.Small.M,,Win32.Small.M,Generic Suspicious,Malware.Radar01.Gen,2020-08-12 06:17:33
535221823d72d0000ea476584ffa997b,72,59,PE_SAVIOR,Malware.W32/Savior.A,W32/Savior.gen,W32.Savior.1904,Win32:Savior,Virus.Win32.Savior.1904,Win32.Savior.1904,W32/Savior-B,Win32.Savior.1904,W95/Savior.1904,Virus.Win32.Savior.A,2020-08-11 07:26:07
5eac2794ffe57d2e99a8998a60f88707,67,48,TROJ_OVERLO.A,Malware.W32/HLLW.Overlo,Overl,W32.HLLW.Overlo,,Virus.Win32.HLLW.Overlo,Win32.HLLW.Overlo.A,Troj/Overflow,Win32.HLLW.Overlo.A,W32/HLLW.Overlo,Malware.Radar01.Gen,2019-08-14 01:07:19
473abfe83dbdd28fc99205f894e7a00f,69,49,,Malware.W95/CIH.1142,W95/CIH.1142,,Win95:CIH-O,Virus.Win9x.CIH.1142,Win95.CIH.Gen,W95/CIH-1142,Win95.CIH.Gen,Generic Malware,Malware.Radar01.Gen,2019-07-03 08:12:58
0ec6b169799f1920acbfdb4d2d9488b3,69,55,PE_RAMM.I,Malware.W32/Rammstein,W32/Rammstein.12924,W32.Rammstein.Gen,Win32:Rammstein-C,Virus.Win32.Ramm.n,Win32.Rammstein.A,W32/Ramm,Win32.Rammstein.A,Univ.B,Malware.Radar01.Gen,2020-08-11 07:25:09
72e9e6b07a04ff1eea1a9030d7fca394,68,47,,Trojan.TR/Tabeci.jxcsg,W32/Tabeci.dr,W95.Tabeci.2683,Win95:Tabeci,Virus.Win9x.Tabeci.7541,Win95.Tabeci.7541,W95/Tabeci-A,Win95.Tabeci.7541,Generic Malware,Win32/Trojan.f36,2019-07-03 13:59:02
ab583285a1b19c7b72c939c89b2ad09e,66,47,,Trojan.TR/Clog.A,Generic.dx!AB583285A1B1,,Win32:Agent-KYQ,Virus.Win32.Agent.ad,Trojan.Clog.A,Mal/Generic-L,Trojan.Clog.A,W32/Clog.A.worm,Malware.Radar01.Gen,2019-03-12 00:44:24
92845824d3d675c522c457467996899e,65,37,,Trojan.Generic.1737856,Artemis!92845824D3D6,W95.Darkmil.5090,Win32:DarkMill,Virus.Win9x.Darkmil.4639,Trojan.Generic.1737856,W98/Darkmil-A,Trojan.Generic.1737856,Trj/Genetic.gen,Win32/Virus.21e,2018-11-08 21:34:46
4adb5c73c86266a8aea52f7abba31f0a,70,48,PE_OPA.1149.A,Malware.W95/Opa.1149,Artemis!4ADB5C73C862,W95.Opa,Win32:Enterring0 [Trj],Virus.Win9x.Opa.1149,Win95.Opa.1144,W32/Opa-1149,Win95.Opa.1144,W32/Opa.B,Malware.Radar01.Gen,2019-02-12 09:01:41
97711f849b9ed85ab222a78747101b96,70,56,PE_THORIN.DAM,Malware.DOS/Thorin.11932,W95/Thorin.8921,Bloodhound.W32.2,,Virus.Win32.Thorin.c,Win32.Thorin.8921,W32/Thorin-B,Win32.Thorin.8921,W32/Thorin.drop,Malware.Radar01.Gen,2020-08-12 06:18:26
5647cef068d93464eeb82aa6b01088fd,72,66,PE_ELKERN.B,Worm.WORM/Klez.E,W32/Elkern.cav.b,W32.ElKern.gen,Win32:Elkern-gen,Virus.Win32.Elkern.b,Win32.Elkern.B,W32/ElKern-B,Win32.Elkern.B,W32/Elkern,Win32/Virus.da9,2020-07-22 17:00:31
63e6970180b27f4ee44e76392203ac84,72,61,PE_ALMA.2414,Malware.W32/Alma-2414,W32/Alma.2414,W32.Alma,Win32:Alma,Virus.Win32.Alma.2414,Win32.Alma.2414,W32/Alma-2414,Win32.Alma.2414,W32/Alma.B,Malware.Radar01.Gen,2020-07-16 08:48:52
b0875f00a71a2392d72ecd475ca84e40,57,40,,Generic.Malware.SMhid.9A060706,W32/NGVCK.intd,W32.Cicho,Win32:Lamicho-B,Virus.Win32.Lamicho.f,Generic.Malware.SMhid.9A060706,Mal/Generic-S,Generic.Malware.SMhid.9A060706,Generic Suspicious,Malware.Radar01.Gen,2016-12-29 09:21:01
05c4f238dfbb121a24d69ac0be85095b,71,54,PE_ZOMBIE2.A,Malware.W95/Twinny.16384.B,Artemis!05C4F238DFBB,,Win32:Twinny-B,Virus.Win9x.Twinny.16384.a,Zombie-II.5840.A,W95/Zombie-5840,Zombie-II.5840.A,Univ.B,Win32/Virus.991,2020-04-22 23:06:50
ce1dc6c2f0aff9cd48397d6002dd9b43,71,48,TROJ_GEN.R002C0CKU18,Malware.W32/Deemo.3253,W32/Deemo.b,W95.Deemo,Win32:Deemo,Virus.Win32.Deemo.3253,Trojan.Generic.5792821,W32/Deemo-A,Trojan.Generic.5792821,Generic Suspicious,Win32/Virus.4d5,2019-02-12 08:59:36
22637ad31c2c9bb302bbec46a46e0ea3,71,48,PE_YABRAN.2226,Malware.W95/Yabran.2226,W95/Yabram.2828,W95.Yabran,Win95:Yabran-B,Virus.Win9x.Yabran.2226,Win95.Yabran.2226,W95/Yabram-B,Win95.Yabran.2226,Generic Suspicious,Win32/Trojan.f44,2019-09-28 06:00:43
983f921fd9104b551a1a8009cc9635b8,70,61,PE_ZOMBY.17920,Malware.W95/Zomby,PWS,W32.HLLP.Zomby.17920,Win32:Zomby,Virus.Win32.Zomby.17920,Win32.Zomby.17920,W32/Zomby-17920,Win32.Zomby.17920,W32/Zomby.17920,Malware.Radar01.Gen,2020-08-11 05:47:30
7735a017537673d28b072eb45893e711,65,49,,Malware.W32/Maya.4153.B,W32/Maya.4153,,Win32:Maya,Virus.Win32.Maya.4153.b,Win32.Maya.B,W32/Maya-A,Win32.Maya.B,W32/Maya.4153.B,Malware.Radar01.Gen,2019-03-28 05:11:10
c8889c3f14caa2ad82528252cbdd0ad7,70,53,PE_PEST.A,Malware.W32/NgVck,W32/Lanky.b,W95.Doggie.gen,Win32:Alcaul-AA,Virus.Win32.Alcaul.d,Win32.Lanky.B,W32/Lanky-B,Win32.Lanky.B,Univ.B,Virus.Win32.Pest.A,2020-08-12 01:20:53
26150061c804c23f22d9a6d781fd1d4d,72,59,PE_TIP.2475,Malware.W95/Powerful.1773,Artemis!26150061C804,,Win95:PFL,Virus.Win9x.Tip.2475,Win95.Tip.2475,W95/PFL-2475,Win95.Tip.2475,W95/Tip.2475,Win32/Trojan.2c2,2020-02-08 05:26:57
ed7a0e52cfe7b7b662870bb4793464d5,64,47,,Malware.W32/Genu.D,W32/Knight.2092,,Win32:Nox,Virus.Win32.Genu.d,Win32.Genu.D,W32/Genu-D,Win32.Genu.D,Univ.B,Malware.Radar01.Gen,2019-03-12 00:55:31
168dffc604b7ccd170cfb5a2846fe8ea,73,61,PE_Hiv,Malware.W32.HIV-6680,W32/Press.6380dr,W32.Press.Gen,Win32:HIV,Virus.Win32.HIV.6680,Win32.HIV.6680,Mid/W32-Hiv6680,Win32.HIV.6680,W32/HIV.Drp,Win32/Virus.545,2020-02-10 07:26:45
6bbc26de91027c5974ec529f1a45873f,63,45,NE_TWITCH,Malware.WIN/CALA,W16/Twitch,Win.Twitch,Win:Twitch,Virus.Win16.Twitch,Win.Twitch.3701,Windows Twitch,Win.Twitch.3701,Univ.B,Win32/Virus.ab9,2020-07-20 10:32:28
276ee2d941cd3f86cdcbbcabd238baf4,57,41,PE_SGWW.2276,Win95.SGWW.2276,Artemis!276EE2D941CD,W95.SGWW,Win95:SGWW-C,Virus.Win9x.SGWW.2276,Win95.SGWW.2276,W95/SGWWOne-B,Win95.SGWW.2276,Generic Suspicious,Win32/Virus.821,2016-12-29 09:22:24
276ee2d941cd3f86cdcbbcabd238baf4,48,,Malware.W95/SillyWR.166,Artemis!8786A60AD161,,Win32:SillyWR,Virus.Win9x.SillyWR.gen,Win95.SillyWR.166.B,W95/SillyWR166B,Win95.SillyWR.166.B,,Malware.Radar01.Gen,2019-07-03 13:26:38,
abb4f5fda7e6f2903779e87085309e8a,56,PE_ANXIET.1486.B,Malware.W95/Anxiety,Artemis!A7F5362B2093,W95.Harry,Win95:AnxietyPoppy,Virus.Win9x.Anxiety.1486,Win95.Anxiety.1486,W95/Anxiety-Fam,Win95.Anxiety.1486,Anxiety,Malware.Radar01.Gen,2020-08-12 05:46:40,
81a058ccabd76098fc3f365d020f2369,44,,Malware.W32/Intal.1151,Artemis!E845CAC015E0,,Win32:Integrator-C,HEUR:Trojan.Win32.Generic,Win32.Intar.1151,W95/WinInt-1151,Win32.Intar.1151,Univ.AP.M,Win32/Trojan.e6d,2019-03-12 00:51:27,
bd5063b04154992a24bcd5d65f2ec43e,61,TSPY_AGENT.AFAJ,Trojan.TR/Crypt.FSPM.Gen,Generic.bxf,Trojan Horse,Win32:Agent-OQP [Trj],Virus.Win32.Xorer.y,Trojan.Generic.1992036,Mal/Packer,Trojan.Generic.1992036,Trj/Genetic.gen,HEUR/Malware.QVM18.Gen,2020-07-20 10:23:00,
74e686fa0b830ee2dad3eb784db79ef2,53,PE_LAMZAN.A,Malware.W32/Lamzan,W32/Lamzan.dr,,Win32:LamerDetect-B [Wrm],Virus.Win32.Lamzan,Win32.Lamzan.A,Junk/Lamzan-A,Win32.Lamzan.A,Generic Suspicious,Malware.Radar01.Gen,2020-02-06 21:16:02,
be9dd181a706d7fb27766b4dd24dc26e,55,TROJ_GEN.R002C0CJI17,Win95.Vip.4309.A,W95/VIP.gen,W95.Vip.4309,Win95:Vip,Virus.Win9x.Vip.4309.a,Win95.Vip.4309.A,W95/Vip-4299,Win95.Vip.4309.A,W95/Vip.4309,Malware.Radar01.Gen,2017-10-30 01:58:57,
b18e6b288fd0a2603f246665aed00157,50,PE_K32ROMA.2929,,Artemis!43085AADA949,,Win32:Trojan-gen,Virus.Win9x.K32.Roma,Win32.Roma.2929,W95/Roma2929,Win32.Roma.2929,Trj/Genetic.gen,Win32/Virus.308,2020-02-06 14:05:04,
f9532a753acbd98b0080463d249c38e5,51,PE_IDYL.1556.C-O,Trojan.Generic.1899917,W32/Idyll.1556c,W32.Idyll,Win32:Idyll,Virus.Win32.Idyll.1556.c,Trojan.Generic.1899917,Junk/Idyll-1556,Trojan.Generic.1899917,W32/Idyll.D,Malware.Radar01.Gen,2018-07-26 06:41:28,
e7601fa368dc501ea8214e23319d5d8c,55,PE_SILLYWR.215,Malware.W95/SillyWR.215,Artemis!EA06CB82C941,Trojan.Gen.6,Win32:SillyWR,Virus.Win9x.SillyWR.gen,Win95.SillyPE.215.A,W95/SillyWR-215,Win95.SillyPE.215.A,W95/SillyWR.drop,Malware.Radar01.Gen,2020-02-06 22:19:26,
fb3c52368acd894ddab81582bc023d4a,55,PE_WIDARE.A-O,Malware.W32/Rutern.5244,W32/Widare,W32.Widare,,Virus.Win32.Rutern.5244,Win32.Rutern.5244,W32/Rutern-A,Win32.Rutern.5244,W32/Widare.A,Malware.Radar01.Gen,2020-08-11 07:25:30,
628ca226d18ea3df1c4b02882329b044,53,FREELOADER_WINANTIVIRUS,Malware.W32/Sankei.3510,W32/Sankey.c.dr,W32.Silcer,Win32:Sankei,Virus.Win32.Sankei.3380,Win32.Sankei.E,Mal/Generic-S,Win32.Sankei.E,W32/Sankey.G,Malware.Radar01.Gen,2020-08-11 07:25:58,
b9d023064c9d77b10c911cbf00d81093,56,PE_TEAM.D,Malware.W32/Team.D,W2K/Team.d,W2K.Team,Win32:Swog,Virus.Win32.Team.d,Win2K.Team.D,W32/Team-A,Win2K.Team.D,Univ.B,Malware.Radar01.Gen,2020-08-12 06:18:12,
1e422bdd30f473fa91f9e8893b9f5e2e,60,PE_SMALL.1388,Malware.W32/Small.1388,W32/Wanhope.gen,W32.Wanhope.1834,Win32:Small-NRB,Virus.Win32.Small.1388,Win32.Small.1388,W95/Wanhope-A,Win32.Small.1388,W32/Wanhope.A,Malware.Radar01.Gen,2020-08-12 06:17:28,
163a3401ef6aee3ec9e800d1489061d4,54,PE_MATRIX.ZELDA,Malware.W32/Matrix.Zelda.D,W32/Zelda.worm,,Win95:Zelda,Virus.Win32.Matrix.Zelda.d,Win32.Matrix.Zelda.D,Mal/Generic-S,Win32.Matrix.Zelda.D,Univ.VA,Malware.Radar01.Gen,2020-05-08 21:08:45,
7aefa1e00c83bdf52d3a19f2118cbfbf,58,PE_HERETIC,Malware.W32/Heretic.1986,W95/Heretic,W32.Heretic,Win95:Heretic,Virus.Win32.Heretic.1986,Win32.Heretic.1986,W95/Heretic,Win32.Heretic.1986,,Malware.Radar01.Gen,2020-08-12 05:40:50,
f2ba1eeb5a784b3ba60ff10a8592bfa8,58,,Malware.W32/Paradise.2116,W95/Iced.2116,W95.Iced.2112,Win32:Fomur,Virus.Win32.Paradise.2116,Trojan.Generic.1956645,W32/Para-2116,Trojan.Generic.1956645,Generic Suspicious,Malware.Radar01.Gen,2020-08-11 07:24:31,
ac9255ec47aa8c76832587322ce76609,43,TROJ_GEN.R002C0DHA20,Heuristic.HEUR/AGEN.1132692,Artemis!A6123A4C7769,W95.Yabran,Win95:Yabran,Virus.Win9x.Yabran.a,Trojan.Generic.22498940,,Trojan.Generic.22498940,Generic Suspicious,Generic/Virus.b26,2020-08-12 00:05:24,
7a7b6a2a272dabf57c9464c202764959,50,PE_SEPPUKU.C-O,Malware.W32/Seppuku.3292,Artemis!439CBDD7206A,W32.Seppuku.9728,Win32:Seppu,Virus.Win32.Seppuku.3291,Win32.Seppuku.3291,W32/Seppuku-E,Win32.Seppuku.3291,W32/Seppuku.A,Malware.Radar01.Gen,2020-08-11 07:26:26,
99519ceab0c9fb06239816d0414f8c40,45,PE_INVICTUS.DLL,,W32/Invictus.dll,W32.Invictus.dll,Win32:Invictus-A@dll,Virus.Win32.InvictusDLL.c,Win32.InvictusDLL.C,W32/INVICTUS-A,Win32.InvictusDLL.C,Univ.B,Win32/Virus.293,2019-08-19 09:20:08,
904dbe46f9c82f984a1357b884b0f924,50,,Malware.W95/Apathy.5378,W32/Apathy,,Win32:Apathy,Virus.Win32.Apathy.5378,Win32.Apathy.5378,W32/Apathy-5378,Win32.Apathy.5378,W95/Apathy.5378,Malware.Radar01.Gen,2019-03-12 00:50:38,
6dd08714bfa93f52e063708fdbd482e4,47,TROJ_GEN.R002C0CHB20,Malware.W32/Opdoc.1122,W32/Opdoc.c.dr,W32.Opdoc.1248,,Virus.Win32.Opdoc.1122,Gen:Trojan.FileInfector.aqX@aS4bg9p,W32/Opdoc-1122,Gen:Trojan.FileInfector.aqX@aS4bg9p,W32/Opdoc.B.drp,,2020-08-12 07:42:35,
9848bcdc7108aa073185b24dfc567506,48,PE_GREMOR.A,Malware.W32/Chfour.2208,Artemis!CDAF34F6E2AF,W32.Mergory,Win32:Gremo,Virus.Win32.Gremo.2208,Win32.Mergory.B,,Win32.Mergory.B,Generic Suspicious,Malware.Radar01.Gen,2019-08-19 09:15:29,
455f7e4c856aaa528759c45cd31767aa,59,PE_INTA.1688,Malware.W32/Inta.1689,W2K/Inta.1688,,Win32:Installer,Virus.Win32.Inta.1688,Win2K.Inta.1688,W2K/Instal,Win2K.Inta.1688,Win2K/Inta,Malware.Radar01.Gen,2020-02-06 13:47:56,
1577087c82680ac4ed3b79ef7462d6ce,53,PE_PLUMA.B,Malware.HLP/Pluma.D,W32/Pluma.dr,W95.HLPAyuda.dr,Win32:Pluma,Virus.WinHLP.Pluma.d,Win95.Pluma.6766,W32/Pluma-6766,Win95.Pluma.6766,Generic Suspicious,Malware.Radar01.Gen,2020-08-11 05:47:37,
98ba452f331a9e0f726222e1e53f32dc,56,PE_SWOG.A,Malware.W32/Razenya,W32/Swog.ow.gen,ML.Attribute.HighConfidence,Win32:Razenya,Virus.Win32.Razenya,Gen:Trojan.FileInfector.aqX@aaD5MDd,W32/Bckdr-HXY,Gen:Trojan.FileInfector.aqX@aaD5MDd,W32/Razenya.A,Malware.Radar01.Gen,2020-08-11 07:25:10,
b45edfaf91df0eb4fa83e16926275a61,56,PE_ICED.1617,Malware.W32/Iced-1617,W95/Iced.dr.intd,,Win32:IcedEarth,Virus.Win9x.Iced.1617,Win95.IcedEarth.1617.A,W32/Iced-1617,Win32.Virus.Golem.A,Generic Suspicious,Win32/Virus.2a4,2020-02-08 04:31:57,
3d302e9adc4599951d762506034a59d9,53,PE_INVICTUS.DLL,Malware.W95/Kenny.G3,W32/Invictus.dll,,Win32:Invictus-D,Virus.Win32.InvictusDLL.a,Trojan.Generic.2132384,W32/INVICTUS-A,Trojan.Generic.2132384,W32/InvictusDLL.B,Win32/Trojan.fb8,2020-02-09 03:46:06,
328d8cd9081e6361aed4d584738ec602,57,PE_ECLIPSE.8192,Malware.W32/Eclipse,Univ.ow/a,W32.Eclipse.8192,Win32:Eclypse-B,Virus.Win32.Eclipse.c,Win32.Eclipse,W32/Eclipse,Win32.Eclipse,Eclipse.8192,Malware.Radar01.Gen,2020-08-12 07:16:37,
5c47eccb6962403ff359f5cccb2bef0b,60,PE_SILLYWR.164.A,Malware.W95/SillyWR.164.A,Artemis!07811E224F67,W95.SillyWR,Win95:Mesut,Virus.Win9x.SillyWR.164.a,Trojan.Generic.1748422,W95/SillyWR-164,Trojan.Generic.1748422,W95/SillyWR.164.A,Malware.Radar01.Gen,2020-04-20 04:17:51,
de92fb5a5936eb6f7cf5546c24fb6a99,55,PE_AOC.A,Malware.W32/AoC.2046,W32/Anvil.a.2045dr,W32.AOC.3649,Win32:Anvil-B,Virus.Win32.AOC.2045,Win32.AOC.2044,W32/AOC-A,Win32.AOC.2044,Generic Suspicious,Win32/Trojan.ec2,2020-07-16 09:02:45,
2c1f985fd710e342cddd188356a4a269,55,,Trojan.TR/Xorer.ed.8192,Artemis!6C7620E74DE9,ML.Attribute.HighConfidence,Win32:Xorer-K,Virus.Win32.Xorer.ed,Win32.Xorer.ED,Mal/Generic-S,Win32.Xorer.ED,Generic Suspicious,Malware.Radar01.Gen,2020-07-04 09:12:31,
2c1341c65ffa56757e104de0b791d352,48,TROJ_GEN.R002C0OHB20,Trojan.TR/Crypt.XPACK.Gen,Artemis!125EE8FF3557,ML.Attribute.HighConfidence,Win32:Malware-gen,Virus.Win32.Seppuku.1608,Trojan.Generic.6759731,Mal/Generic-S,Trojan.Generic.6759731,Generic Suspicious,HEUR/Malware.QVM20.Gen,2020-08-21 13:48:32,
f6ec0892d3a1b8a0f9973514e79c88c9,62,WORM_AGENT.ADDO,Trojan.TR/Agent.CXL.1.B,Generic.bwj,Trojan.Dropper,Win32:Agent-OQJ [Trj],Virus.Win32.Xorer.al,Generic.Xorer.89B4A1AF,Mal/Packer,Generic.Xorer.89B4A1AF,Trj/Genetic.gen,Malware.Radar01.Gen,2020-07-20 10:27:36,
fb57f3f445880bd279186d54aea0d99f,46,,,Artemis!1461E399169F,,Win95:Small,Virus.Win9x.SillyWR.167,Win95.Sillywr.167,,Win95.Sillywr.167,Generic Malware,Malware.Radar01.Gen,2019-07-03 12:50:10,
f87b6f8862a29df5f42e29c2468d2688,55,PE_HENKY.720,Malware.W32/Henky.720,W32/Ingax.720,W95.Henky.Gen,,Virus.Win32.Henky.720,Win32.Intended.Henky.720.A,W32/Henky-720,Win32.Intended.Henky.720.A,W95/Henky.720,Malware.Radar01.Gen,2020-08-12 06:02:33,
a6b684b0cbfd40d86f3c57aa291cd555,60,PE_DARK.1105,Malware.WIN/DARK1371,Artemis!A0A8BC087381,W95.DarkSide.1105,Win95:YouDie,Virus.Win9x.DarkSide.1105,Win95.DarkSide.1371,W95/DarkSide-A,Win95.DarkSide.1371,W95/DarkSide.1536,Malware.Radar01.Gen,2020-08-11 17:41:57,
2cb0b3390fd0a423fcd12b19ff42687a,57,PE_MURKY.390,Malware.WIN/MURK390,Artemis!FD8182899662,W95.Murky.390,Win95:Murkry-B,Virus.Win9x.Murkry.390,Win95.Murkry.390,Mid/W95Murkr390,Win95.Murkry.390,W95/Murkry.390,Win32/Virus.700,2020-08-12 16:12:34,
0909b9ff25b03757c46a611209f03f7a,60,PE_MAYA.4114,Malware.W32/Maya-4114,W32/Maya.4114,W32.Maya,Win32:Maya-B,Virus.Win32.Maya.4114,Win32.Maya.4114,W32/Maya-A,Win32.Maya.4114,W95/Maya.4114,Win32/Virus.abc,2020-08-12 05:26:54,
7cc48fb48b449dc580621787a9c9fa28,45,Possible_Virus,Malware.W32/Small.418,W95/Noise.cav.dr,,Win95:Zemp,Virus.Win9x.Small.418,,W95/Noise-A,,Generic Suspicious,HEUR/Malware.QVM19.Gen,2020-04-19 00:06:39,
db225d8d1f0d466aaa23ed1168871c89,43,,Malware.W32/Anuir.3746,Artemis!13682597E524,,Win32:Anuir,Virus.Win32.Anuir.3746,Gen:Trojan.Heur.GM.0404018800,W32/Anuir-A,Gen:Trojan.Heur.GM.0404018800,Generic Suspicious,Malware.Radar01.Gen,2019-03-12 00:56:41,
5a626659f507f6c4ef11a754cb589dea,60,,Trojan.TR/Dldr.Bube.A.5,W32/Bube.dr,Trojan.Admincash,Win32:Trojan-gen,Virus.Win32.Bube.e,Win32.Bube.A,W32/Bube-F,Win32.Bube.A,Trj/Downloader.OZ,Malware.Radar01.Gen,2020-07-17 20:12:06,
3f7cd5a8e73ad483873c543e3d236fd0,60,PE_NOX.2290,Malware.W32/Nox-2290,W32/Knight.2290,W32.NOX.2290,Win32:Nox-B,Virus.Win32.Nox.2290,Win32.Nox.2290,W32/NOX-2290,Win32.Nox.2290,W32/Nox.2990,Malware.Radar01.Gen,2020-08-11 07:24:24,
dfa913e8841df0ef0c184c84bb8851d7,54,PE_ENUMIACS.B,Heuristic.HEUR/AGEN.1132008,W95/Lorez.d,W32.Enumiacs,Win95:Enumiacs,Virus.Win32.Enumiacs.8192.b,Win32.Enumiacs.8192.B,W98/Enumiac-A,Win32.Enumiacs.8192.B,W32/Enumiacs.8192.B,Malware.Radar01.Gen,2020-08-12 00:27:11,
e5336aa839103313b464568c4e34a206,51,,Malware.W32/Winnie.1523,W32/Winnie.1520,W32.Winnie,Win32:Sankei,Virus.Win32.Winnie.1520,Gen:Trojan.FileInfector.aqX@a0varLo,W32/Winnie-A,Gen:Trojan.FileInfector.aqX@a0varLo,Generic Suspicious,Win32/Virus.9d8,2020-08-11 05:46:35,
4398d97a34d41e4cb016598d6620c253,55,PE_BORGES.A,Malware.WIN/W95BORGS,Artemis!7D8226EF8511,W95.I13.8192,Win95:Borges,Virus.Win9x.I13.a,Win32.Borges.8192.A,W95/Borges-8192,Win32.Borges.8192.A,W95/I13,Malware.Radar01.Gen,2020-02-08 02:23:26,
db600eb5d45708e2565583b5a97c28cb,62,TROJ_AGENT.JDX,Trojan.TR/Agent.czi.1.B,,Trojan Horse,Win32:Agent-OQJ [Trj],Virus.Win32.Xorer.an,Generic.Xorer.E73210B5,Mal/Packer,Generic.Xorer.E73210B5,Generic Suspicious,Malware.Radar01.Gen,2020-07-20 10:22:57,
c543626c6f8b4b73014d91044ecbbf24,49,PE_SANKEY.C,Malware.W32/Sankei.3077,W32/Sankey.dr,W32.Silcer,,Virus.Win32.Sankei.3077,Win32.Keisan.3077,W32/Sankey-P,Win32.Keisan.3077,W32/Sankey.G,Win32/Virus.8e7,2020-08-11 07:25:57,
937955af452d94fd01d699483683cdba,60,PE_ADSON.1559,Malware.W95/Adson.1559,W95/Adson.dr,W32.Adson.1703.B,Win32:Adson,Virus.Win32.Adson.1559,Win32.Adson.1559,W32/Adson-1559,Win32.Adson.1559,W32/Adson.A,Malware.Radar01.Gen,2020-07-16 08:24:54,
2eec4d39306bec7fc0e8e9b98fe086f8,62,PE_VIRUT.GEN-3,Malware.W32/Virut.Z,W32/Virut.b.d,Downloader,Win32:Virtob,Virus.Win32.Virut.bc,Win32.Virtob.6.Gen,W32/Virut-T,Win32.Virtob.6.Gen,Generic Malware,,2020-08-11 05:45:55,
f112ce35c44537b53ad71f8a98335267,56,TROJ_FAM_0001830.TOMA,Malware.W32/Bube.H,W32/Bube.dr,Trojan.Admincash,Win32:Bube-C,Virus.Win32.Bube.g,Dropped:Generic.Malware.Ssp!.31CCB913,Mal/Generic-S,Dropped:Generic.Malware.Ssp!.31CCB913,Trj/Genetic.gen,Malware.Radar01.Gen,2019-05-02 00:43:18,
1bff87c305b2a9e3af62028ba3c12ac1,44,,Malware.W32/Matser,Artemis!CBF5332F5930,,,Virus.Win32.Matser,Win32.Matser.A,W32/Bobep-B,Win32.Matser.A,Generic Suspicious,Malware.Radar01.Gen,2019-03-12 00:59:11,
418818ce99ffff366bf38a6e4c7c1290,59,PE_VIP.4341,Malware.W32/Vip.4322,W95/VIP.gen,W95.Vip.4311,Win95:Nemesi,Virus.Win9x.Vip.4311,Win95.Vip.4311,W95/Vip-4299,Win95.Vip.4311,Univ.B,Malware.Radar01.Gen,2020-05-16 11:40:48,
9d4f0b7c6b52ffff81e8e5c819e56ce0,56,PE_EMOTION.D,Malware.W32/Emotion.D,W32/Emotion.cmp.e,W32.Emotion.gen,Win32:Emotions,Virus.Win32.Emotion.d,Win32.Emotion.E,Junk/Emotion,Win32.Emotion.E,W32/Emotion.D,Malware.Radar01.Gen,2020-07-22 16:53:49,
12eba027ec091e0288961cafbc96d556,55,PE_INTAR.1053-O,Malware.W32/Intar.1053,W32/Godog.worm,,Win95:Integrator,Virus.Win32.Intar.1053,Win32.Gobleen.1053,W95/Integr-1053,Win32.Gobleen.1053,Univ.B,HEUR/Malware.QVM20.Gen,2020-04-18 06:41:36,
402879d71405577452df5a58de1d92a4,53,PE_REGSWAP.B,Malware.W95/Regswap.1648,W95/Regswap,W95.Regswap,,Virus.Win9x.Regswap.1648,Trojan.Generic.1726964,W95/Regswap1644,Trojan.Generic.1726964,Generic Suspicious,HEUR/Malware.QVM20.Gen,2020-08-12 04:18:03,
9e335bccfcb6736cebf09aeb3f6b5982,46,,Malware.W32/Seppuko.4827,Artemis!BB2EA5FD59A7,W32.Seppuku.9728,Win32:Seppu,Virus.Win32.Seppuku.4831,Win32.Seppuku.A,Mal/Generic-S,Win32.Seppuku.A,W32/Seppuku.A,Malware.Radar01.Gen,2020-08-11 07:26:27,
1bf558861c46377477bd839189b7a653,56,PE_BLACKCAT.2537,Malware.W32/Blackat.2537,W32/Klinge.d,W32.Klinge,Win32:Blackcat-C,Virus.Win32.Blackcat.2537,Win32.Blackcat.A,W32/Klinge-A,Win32.Blackcat.A,W32/Blackcat.2537,Malware.Radar01.Gen,2020-07-17 15:01:29,
60d829d2134b03e7ceb8e28bd396d862,57,PE_ETERNITY.A,Malware.W32/HLLP.Eter.A,W32/HLLP.Eter.a,W32.HLLP.Eter.8704,Win32:Eternity-E,Virus.Win32.HLLP.Eter.a,Win32.HLLP.Eter.A,W32/HLLP-8704,Win32.HLLP.Eter.A,W32/HLLP.Eter.A,Malware.Radar01.Gen,2020-04-14 01:09:50,
4021d28f0eaa4f63e36edc60160db3b3,58,PE_YLANG.1536.A,Malware.W95/YLang-1536.A,Artemis!A024177BD831,,Win32:Swog,Virus.Win9x.Ylang.1536.a,Win95.YLang.1536,W95/Ylang-1536,Win95.YLang.1536,Univ.B,Win32/Trojan.906,2020-02-09 04:55:04,
096486238e0d8bdf56d87ab4405c120f,45,PE_COMPANION.C,Trojan.TR/Crypt.ULPM.Gen,Artemis!B893438449D8,W95.Companion.C,Win32:Dias,Virus.Win32.Dias.b,Gen:Win32.FileInfector.amHfaCFIPTo,Mal/RufTar-C,Gen:Win32.FileInfector.amHfaCFIPTo,Malicious Packer,HEUR/Malware.QVM19.Gen,2019-03-12 00:49:01,
1041ad2478472d32719a145a2ff68254,57,PE_ECLIPSE.8192,Malware.W32/Eclipse,Artemis!143C499B6442,W32.Eclipse.8192,Win32:Eclypse-B,Virus.Win32.Eclipse.a,Win32.Eclipse,W32/Eclipse,Win32.Eclipse,W32/Eclipse,Malware.Radar01.Gen,2020-07-23 16:32:41,
048c8c53bfbafa421ce6cf8b8386398c,54,PE_EFISH.A-O,Malware.W32/Chiton.BD,W32/Chiton.dr,W32.Chiton.gen,Win32:Chiton-AI,Virus.Win32.Chiton.e,Win32.Chiton.J,W95/Chiton-A,Win32.Chiton.J,Univ.B,Malware.Radar01.Gen,2020-07-17 20:30:41,
f69fb5e3549839b9ab8f96a70f14a385,50,PE_MARK.919,Malware.W32/Mark.919,W32/NGVCK.a.919,W95.Doggie.gen,Win32:Mark,Virus.Win32.Mark.919,Win32.Mark.919,W32/Ngvck-P,Win32.Mark.919,W32/NGVCK.D,Malware.Radar01.Gen,2020-02-21 06:08:52,
0a464a9c0bdfcca0751ab4953f38ed83,45,TROJ_MATRXORDY.C,,Artemis!BB18574A0F7F,,Win32:Malware-gen,Virus.Win32.Matrix.Ordy.c,VirTools.Win32.Ordy.C,,VirTools.Win32.Ordy.C,Univ.B,Malware.Radar01.Gen,2020-04-19 19:39:27,
500f6dc440c382754937e71f6dc242b9,51,PE_PLUMA.B,Malware.HLP/Pluma.D,W32/Pluma.dr,W95.HLPAyuda.dr,Win32:Pluma,Virus.WinHLP.Pluma.b,Win95.Pluma.6766,Junk/Pluma-6766,Win95.Pluma.6766,Generic Suspicious,Malware.Radar01.Gen,2020-08-11 05:47:36,
9b87e57d7ce7d4847efc65133f262b5e,57,TROJ_GEN.R002C0DA920,Malware.W32/Overwriter.Gen,Artemis!0769DE9C3863,W95.Companion.B,Win95:Spawn-C,Virus.Win9x.Spawn.4096.c,Win32.Spawn.4096.C,W95/Spawn95c,Win32.Spawn.4096.C,Navrhar,Malware.Radar01.Gen,2020-05-09 21:43:20,
b576009859b958e45c645f138b77dfc5,51,PE_VORCAN.A,Malware.W32/Vorcan,W32/Vorcan.dr,,,Virus.Win32.Vorcan,Win32.Vorcan.D,W32/Triplix-C,Win32.Vorcan.D,W32/Vorcan.A,,2020-08-12 07:41:42,
ac9aa19f58b239ccd13cb05df1eef0be,57,WORM_AGENT.ADDS,,Generic.bwj,Trojan.Gen.NPE.2,Win32:Trojan-gen,Virus.Win32.Xorer.h,Generic.Xorer.65BD5CF7,Mal/Packer,Generic.Xorer.65BD5CF7,Trj/Genetic.gen,Malware.Radar01.Gen,2020-07-04 09:14:58,
aecfd08710d56718feae2a2084fe9b10,43,,Malware.W32/Wanhope.1834,W32/Wanhope.gen,W32.Wanhope.1834,,Virus.Win32.Senummy.1838,,W95/Wanhope-A,,W32/Wanhope.drop,Malware.Radar01.Gen,2020-08-11 07:26:23,
c870ee8d0b301c81e2675e4cdd2d51d2,63,PE_MADANGEL.A-O,Malware.W32/Small.L,Artemis!C24E0BA3BF6C,W32.Madangel,,Virus.Win32.Small.l,Win32.Madangel.DIA,W32/Madang-B,Win32.Madangel.DIA,W32/Guarder.A,Malware.Radar01.Gen,2020-08-12 06:17:41,
478f83505c9108eb19a44fe4a550377d,58,TROJ_MOODER.E,Trojan.TR/Mooder.A,Mooder,Trojan.Mood,Win32:Mooder-C,Virus.Win32.Mooder.e,Dropped:Trojan.Mooder.H,Troj/Mooder-G,Dropped:Trojan.Mooder.H,Generic Suspicious,Malware.Radar01.Gen,2020-08-11 07:23:59,
797b9db5c37478915e32f90fb1d7817e,48,Possible_Virus,Malware.W32/Savior.1672,W32/Savior.gen,W32.Savior.1672,,Virus.Win32.Savior.1672,Win32.Savior.1672,Mal/Generic-S,Win32.Savior.1672,W32/Savior.A,Malware.Radar01.Gen,2020-08-11 07:26:05,
2b4d43564a30005d5e7faaa60d4044f0,59,PE_SEGAX.1160,Malware.W32/Segax.1162,,W32.Segax.Gen,Win95:Segax,Virus.Win32.Segax.1160,Win32.Segax.1160,W32/Segax-1160,Win32.Segax.1160,W32/Segax.1160,Malware.Radar01.Gen,2020-08-11 07:26:11,
c551b60e18cb681f47b86231a2d5af2a,50,WORM_FATUOUS.A,Worm.WORM/Fatuous.A,W32/Fatuous.gen,,Win32:Fatuous-A,Virus.Win32.HLLW.Fatuous.a,Win32.HLLW.Fatuous.A,W32/Fatuous-A,Win32.HLLW.Fatuous.A,W32/Fatuous,Malware.Radar01.Gen,2020-04-13 19:44:55,
30ac8aaa134a6df260d339b9b98ba5d8,55,,Malware.W95/BlackBat.2615.A,W32/BlackBat.2615.dr,W95.Brickbat.2840,Win95:BlackBat,Virus.Win9x.BlackBat.2615,Trojan.Generic.1744295,W95/BlackBat-B,Trojan.Generic.1744295,W32/BlackBat.A,HEUR/Malware.QVM20.Gen,2020-02-10 08:29:14,
f0bb4eb06df16dda25b7a350a1bea880,52,PE_MATRIXZELDA.B,Malware.W32/Matrix.Zelda.B,W32/Zelda.worm,W32.Zelda,Win95:Zelda,Virus.Win32.Matrix.Zelda.b,Win32.Worm.Zelda,W32/Zelda,Win32.Worm.Zelda,Univ.B,Malware.Radar01.Gen,2019-08-19 09:20:47,
62fb27883425358373b7bb249d7176b5,52,,Malware.W32/Vorcan.gen,W32/Vorcan.dr,W32.Vorcan,Win32:Triplix,Virus.Win32.Triplix.3072.b,Win32.Triplix.B,W32/Triplix-B,Win32.Triplix.B,W32/Vorcan.A,Malware.Radar01.Gen,2020-08-12 06:18:48,
31832e28315f4b416350ce1c13b9d29e,53,PE_DEEMO.DAM,Malware.W32/Deemo,W32/Deemo.dr,W95.Deemo,Win32:Deemo-B,Virus.Win32.Deemo,Win95.Deemo,W32/Deemo-A,Win95.Deemo,W32/Deemo.A,Malware.Radar01.Gen,2020-08-12 01:00:18,
d48037798e0ac389f321b39bf0b0c445,50,,Malware.W95/TenoK-Vip,W95/VIP.gen,W95.VIP.4309.B,Win95:Vip,Virus.Win9x.Vip.4309.b,Win95.Vip.4309.B,W95/Vip-4299,Win95.Vip.4309.B,Generic Malware,Win32/Virus.738,2019-07-03 14:05:55,
5b50fdcb1226f51b9cb84c9aa2c380f7,53,PE_RHAPSODY.2619,Malware.W32/Rhapsody,W32/Rhapsody.dr,W32.Rhapsody.Gen,,Virus.Win32.Rhapsody.2619,Win32.Rhapsody.2609,W32/Rhap-2619,Win32.Rhapsody.2609,W32/Rhapsody.Drp,Win32/Virus.f33,2020-08-11 07:25:22,
a4357d3b94bceb3c26607af8b9543bad,37,,Gen:Trojan.Heur.aqX@KeF1wAm,W32/NGVCK.intd,W95.Blakan.2016,Win32:Blakan,Virus.Win32.Blakan.2064,Gen:Trojan.Heur.aqX@KeF1wAm,Mal/Generic-S,Gen:Trojan.Heur.aqX@KeF1wAm,Generic Suspicious,Malware.Radar01.Gen,2016-12-29 09:20:27,
d375292c240b03b97d93d8d80afec909,52,PE_HTRIP.A,Malware.W32/HeadTrip.B,Artemis!288BD97F9EDC,W32.Htrip.gen,,Virus.Win32.Htrip.b,Win32.HLLO.Htrip.B,W32/HeadTrip-B,Win32.HLLO.Htrip.B,W32/Htrip.B,Malware.Radar01.Gen,2019-08-14 01:08:24,
356c130acdd087e41c70efc9e0b9b2c8,50,PE_FLATEI.B,Malware.W32/Flatei.D,W32/Flatei.5125,W32.HLLP.Flate.D,,Virus.Win32.HLLP.Flatei.d,Win32.DotNet.Syra.A,W32/Flat-D,Win32.DotNet.Syra.A,Univ.IS,Win32/Virus.HLLP.fde,2020-08-12 02:02:07,
a8af8c7a2ef57418752d93e2b40ca32f,58,PE_PRIEST.B-O,Malware.W95/Darkside.1491,W32/NGVCK.g.dr.gen,W95.Priest.1521,Win32:Priest-B,Virus.Win32.Priest.b,Win32.Priest.1478,W95/Priest-Fam,Win32.Priest.1478,Univ.B,Win32/Virus.35f,2020-08-11 07:24:52,
d2370308e02858824a1f11a3c5ecc91a,48,,Malware.W32/Overwriter.Gen,W32/NGVCK.i.intd,W32.Jerem,,Virus.Win32.Small.b,Generic.Malware.sp!.20E19CA6,Mal/Generic-S,Generic.Malware.sp!.20E19CA6,Generic Suspicious,Malware.Radar01.Gen,2020-08-12 06:17:41,
5b7dc5a149720fc5a4fdf2ffb6f91c7e,47,PE_HORTIGA.4938,Win32.Hortiga.4938,W32/Hortiga.a,W32.Hortiga,Win95:Hortiga,,Win32.Hortiga.4938,W32/Hortiga-A,Win32.Hortiga.4938,W32/Hortiga.4938,,2018-06-08 09:43:12,
a8e79d96596cc9cdb001a51a229ba1db,54,PE_GRENP.2804.A,Malware.W32/Grenp.2804,Artemis!23254F975C4B,W95.Grenp.2804,Win32:Greenpeace,Virus.Win32.Grenp.2804,Win95.Merinos.Gen,W32/Greenp-2804,Win95.Merinos.Gen,W32/Grenp.2804,Malware.Radar01.Gen,2020-07-24 16:01:53,
9bf25eeee92e5f4bd49099a21779ee1c,37,,Malware.W32/Seppuku.1606.dr,Artemis!59FF809BAB3C,ML.Attribute.HighConfidence,Win32:Seppuku-C,Virus.Win32.Seppuku.1606,,W32/Seppuku-B,,Generic Suspicious,Win32/Virus.20d,2020-08-11 07:26:23,
5a6db9fee2955cca2e82128362f3f30b,54,Possible_Virus,Trojan.TR/RedCap.ftmlt,W32/Frone.dr.intd,Trojan.Gen.6,Win32:Trojan-gen,Virus.Win9x.Frone.951,Gen:Variant.Kazy.178948,Junk/RF1-A,Gen:Variant.Kazy.178948,Univ.B,HEUR/Malware.QVM19.Gen,2020-01-09 18:55:57,
74c59acced9fd9edd350f90e558dad99,39,,Malware.W32/Overwriter.Gen,W32/Swog.ow.gen,,Win32:Companion,Virus.Win32.Compan.a,Win32.Compan.A,,Win32.Compan.A,Generic Suspicious,Malware.Radar01.Gen,2019-03-12 00:51:27,
543591c97832f1c533ff3f8982043025,39,,Malware.W32/Lifort,W32/NGVCK.dr.gen,,Win32:Insom,UDS:DangerousObject.Multi.Generic,Trojan.GenericKD.5488008,Mal/Generic-S,Trojan.GenericKD.5488008,Generic Suspicious,Win32/Virus.ad9,2019-03-12 00:48:32,
434a23c68c76cb6d669d5a7ffcd0e30f,49,,Malware.W32/Idill.1468,W32/Idyll.dr,,Win32:Idyll,Virus.Win32.Idyll.1468,Trojan.Generic.22498943,Mal/Generic-S,Trojan.Generic.22498943,Generic Suspicious,Malware.Radar01.Gen,2019-03-12 00:47:56,
384c75a4939c53e22e5865aa0322f2d3,60,PE_AOC.2044,Malware.W32/AoC.2046,W32/Anvil.a.2044dr,W32.AOC.3649,Win32:Anvil,Virus.Win32.AOC.2044,Win32.AOC.2044,W32/AOC-A,Win32.AOC.2044,W32/AOC.2044,Malware.Radar01.Gen,2020-07-16 09:02:42,
42d892aaa264b6439fbeebf59ce16cdc,47,,Malware.W32/Henky.1128,W95/Henky.intd,,Win95:Skyzofren,Virus.Win32.Henky.1128,Trojan.Generic.1994541,W32/Henky-1128,Trojan.Generic.1994541,Generic Suspicious,Malware.Radar01.Gen,2019-03-12 00:44:27,
f2c23a7d0a8342a6c0b3fa402534fbc0,55,PE_ANXTYPOPY.III,Malware.WIN/Anxiety#2,Artemis!A9D290ADF716,W95.Anxiety.1399,Win95:AnxietyPoppy-B,Virus.Win9x.Anxiety.1399,Win95.Anxiety.1399.A,W95/Anxiety-Fam,Win95.Anxiety.1399.A,Anxiety,,2020-08-12 07:36:51,
08b6c700d9fd06525ff96215d43781b0,65,PE_VIRUT.XY,Malware.W32/Virut.AM,W32/Virut.gen.a,Downloader,Win32:Virtob,Virus.Win32.Virut.aj,Win32.Virtob.6.Gen,W32/Virut-P,Win32.Virus.Virut.F,Generic Malware,Virus.Win32.Virtob.I,2020-08-11 05:45:44,
e3fd9bd469414dc1a5a256213a1de192,55,Possible_Virus,Malware.W32/Intar.1053,Artemis!14D7EEFFF680,W32.Integ.gen,Win95:Integrator,Virus.Win32.Intar.1058,Win32.Intar.1058,W32/Intar-1058,Win32.Intar.1058,W32/Intar.1058,Malware.Radar01.Gen,2020-04-15 16:39:04,
5fbb202ca3a016182c1ea14c01b20298,54,PE_REVAZ.A,Malware.W32/Revaz,Artemis!9873CB9E9570,W32.Revaz.gen,Win95:Puma,Virus.Win32.Revaz,Trojan.Generic.3737240,Junk/Revenge,Trojan.Generic.3737240,W32/Ivaz,Win32/Trojan.e78,2020-08-11 07:25:21,
a4e6ae7be0ac3ede00adb452d46efcf9,55,LE_Generic,Malware.W95/SillyWR.167,Artemis!DE4045514F26,W95.SillyWR.Gen,Win95:Small,Virus.Win9x.SillyWR.167,Win95.Sillywr.167,Junk/Silly-A,Win95.Sillywr.167,Generic Suspicious,Malware.Radar01.Gen,2020-08-12 04:00:06,
ce11c784b9952e8bd0840262bff494d8,54,PE_DODO.1022,Malware.W95/Dodo-1022,Artemis!EFE2209CE2AE,W95.Dodo,Win32:Dodo,Virus.Win9x.Dodo.1022,Win95.Dodo.1022,W32/Dodo-1022,Win95.Dodo.1022,W95/Dodo.1022,Malware.Radar01.Gen,2020-08-12 05:04:24,
7c8860c1d5800097be34346eb9a80c72,50,,Trojan.TR/Dldr.Bube.H,W32/Bube.dr,,Win32:Bube-Q,Virus.Win32.Bube.i,Dropped:Generic.Malware.Ssp!.80CCBA92,Mal/Generic-S,Dropped:Generic.Malware.Ssp!.80CCBA92,W32/AdminCash.D,Malware.Radar01.Gen,2019-03-12 00:53:10,
64251de5acdbc7a75bd41e00c2b1c6ca,57,PE_BELIAL.D,Malware.W32/Belial.D,Artemis!382E540804C4,W32.Belial,Win95:BelialCrash,Virus.Win32.Belial.d,Win32.Belial.D,W32/Belial-D,Win32.Belial.D,Univ.B,Malware.Radar01.Gen,2020-07-17 14:54:13,
2e3464badb0bca69819d685d3d49332c,52,PE_DAMM1628.A,Malware.W32/Damm.1628,W95/Damm.gen,,Win32:Damm-C,Virus.Win32.Damm.1628,Win32.Damm.1628,W98/Dammit-1628,Win32.Damm.1628,Univ.B,HEUR/Malware.QVM19.Gen,2020-08-12 00:26:48,
06a95aad3469895ebd738afd4df15d2a,55,WORM_RYEX.A,Worm.WORM/Ryex,Artemis!A6DE3E51C199,W95.Doggie.gen,Win32:Ryex,Virus.Win32.Ryex,Win32.Ryex.A,W32/Ryex-A,Win32.Ryex.A,Generic Suspicious,Win32/Worm.5fa,2020-08-11 07:25:31,
585b5662e4049caea7666e0f53d4b844,39,,,W95/Punch,W95.Punch (VxD),Win95:Punch,Virus.Win9x.Punch.9262.b,Win95.Punch.9262.B,W95/Punch,Win95.Punch.9262.B,Generic Malware,Malware.Radar01.Gen,2019-07-03 11:27:25,
dc6b836033830a835fc2cd47e8fcfe7f,53,TROJ_GEN.R002C0CHB20,Malware.W32/Seppuku.2835,W32/NGVCK.g.dr.gen,W32.Seppuku.9728,,Virus.Win32.Seppuku.2835,Gen:Trojan.FileInfector.aqX@amsIDji,W32/Seppuku-A,Gen:Trojan.FileInfector.aqX@amsIDji,Generic Suspicious,Malware.Radar01.Gen,2020-08-12 03:48:50,
041c9d7937656c5d7637b0d81d2ca54a,40,,Trojan.Generic.17907134,W32/NGVCK.8192.cmp,W95.I13.8192,,Virus.Win9x.I13.g,Trojan.Generic.17907134,W95/I13-G,Trojan.Generic.17907134,Generic Suspicious,Malware.Radar01.Gen,2018-11-08 21:28:27,
1f76d74c2df14478b7ce6859b1bdcdac,51,PE_LHSIX.3048,Malware.W95/IHSix,W95/Ihsix,W32.IhSix.3048,,Virus.Win32.IhSix.3048,Win32.IhSix.3048.A,W32/IH6-3048,Win32.IhSix.3048.A,Trj/Genetic.gen,Win32/Trojan.cdc,2019-08-14 01:08:34,
99afd51731f3706ea95da82eeb06be3c,42,,Trojan.TR/Crypt.EPACK.Gen5,Artemis!5C4E9EE07868,W95.Sab.512,Win95:Sab,Virus.Win9x.Sab.529,,Junk/SAB-529,,Generic Malware,Malware.Radar01.Gen,2019-07-03 11:48:38,
71f5920286b24aef9dd270ac90e9ec8d,52,PE_ALCAUL.M,Malware.W32/Alcaul.M,W32/Npe.intd,W95.Nerhook.intd,Win32:Alcaul-AH,Virus.Win32.Alcaul.m,Win32.Alvoc.I,Junk/NGVCK-F,Win32.Alvoc.I,Generic Suspicious,Malware.Radar01.Gen,2020-07-16 08:28:37,
f4729ebea7ff30dcee549da74412a091,48,PE_ANXIETY.A-O,Win95.Anxiety.2471,Artemis!29928C01E3F0,W95.Anxiety.2471,Win95:AnxietyPoppy,Virus.Win9x.Anxiety.2471,Win95.Anxiety.2471,W95/Anxiety2471,Win95.Anxiety.2471,Anxiety,Malware.Radar01.Gen,2018-11-08 01:29:46,
2d5ca7c79882883dde9a5158ccbc26ac,41,,Malware.W32/Segax.1160,,,Win32:Segax-B,Virus.Win32.Segax.1137,Win32.Segax.1137,W32/Segax-A,Win32.Segax.1137,W32/Segax.1137,Malware.Radar01.Gen,2019-03-12 00:44:37,
5e7b5b2a413882aeda622d8844dee081,59,PE_EVA4096.C,Malware.W32/Eva.4096.C.2,W32/Eva.gen,W32.Eva.D,Win32:Boneva,Virus.Win32.Eva.d,Trojan.Generic.3739173,W32/Eva-4096D,Trojan.Generic.3739173,W95/Eva.4096,Malware.Radar01.Gen,2020-07-22 16:55:44,
caa4ab4c939517b1e9f29b0e12e18210,59,,Malware.W32/Evul.F,Artemis!235307BB1F02,W32.Evul.8192,Win32:Evul,Virus.Win32.Evul.8192.f,Gen:Trojan.FileInfector.aqX@aW9oBfd,W32/Evul-A,Gen:Trojan.FileInfector.aqX@aW9oBfd,Univ.EP,Win32/Virus.712,2020-05-09 23:47:26,
8d5264b75ba79b02e07f9fc22c080bbe,50,,,W32/Sankey.c,W32.Silcer,Win32:Sankei-O,Virus.Win32.Sankei.3464,Win32.Keisan.3464,W32/Sankey-C,Win32.Keisan.3464,Generic Suspicious,Malware.Radar01.Gen,2020-08-11 07:25:59,
e47b34be148398aeeae09c2042fe0a85,55,TROJ_CHITON.A,Malware.W32/Chiton.BD,W32/Chiton.dr,W32.Chiton.gen,Win32:Chiton-AI,Virus.Win32.Chiton.r,Win32.Chiton.J,W32/Chiton-B,Win32.Chiton.J,W32/Chiton.R,Malware.Radar01.Gen,2020-08-12 17:50:09,
5d87a9398c9503ded0eb45340bad3e1a,45,,Win95.Small.140,W95/Putita.gen,W95.Henky.Gen,Win95:Espore,Virus.Win9x.Small.140,Win95.Small.140,W95/Small-140,Win95.Small.140,W95/Espore.140,Malware.Radar01.Gen,2018-11-08 21:26:26,
2a54f6d9ccbc5bd6fb3253426505f644,54,PE_POSHKILL.A-O,Malware.W95/PoshKill.1445,W95/Infinite.dr.c,W95.Poshkill,Win95:PoshKiller,Virus.Win9x.PoshKill.1445.b,Win95.1445.B,,Win95.1445.B,Generic Suspicious,Malware.Radar01.Gen,2020-02-08 05:40:19,
c19ddb6d181fdf0fd4c704259628bec9,58,TROJ_BUBE_0000000.TOMA,Trojan.TR/Dldr.Bube.H,W32/Bube.dr,Trojan.Admincash,Win32:Bube-Q,Virus.Win32.Bube.h,Gen:Trojan.WUDisable.aeW@a8!i5xl,Mal/Generic-S,Gen:Trojan.WUDisable.aeW@a8!i5xl,W32/Admincash.B,Malware.Radar01.Gen,2019-05-10 08:05:40,
4836acbc2d9f7eb41d7dd47baeba3dbc,57,PE_CIH.1003,Trojan.TR/Crypt.XPACK.Gen,W95/CIH.1003b,,Win32:CIH,Virus.Win9x.CIH.1003.b,Win95.CIH.Gen,W95/CIH-1003b,Win95.CIH.Gen,W95/CIH.1003.B,Malware.Radar01.Gen,2020-02-14 03:50:26,
6a6f745f5bf7c6e499cc2b1335c966f2,58,PE_SV.2332,Malware.W95/SV.2332,W95/Sv.2332.dr,W95.SV.2332,Win95:SV,Virus.Win9x.SV.2332,Trojan.Generic.7976507,W95/Sv-2560,Trojan.Generic.7976507,Univ.B,Malware.Radar01.Gen,2020-02-06 17:33:02,
9a53d761f85c42a20ce175b6f25916c5,45,,Trojan.TR/Crypt.EPACK.Gen2,W95/Vivic.intd,,Win95:Vivic,Virus.Win9x.Vivic,Win95.Vivici.Intended,Junk/Vivic,Win95.Vivici.Intended,,Win32/Trojan.999,2019-07-03 14:06:05,
365c2cad482a5bb7769ee2246e377c34,53,PE_SWOG.A,Malware.W32/Swog.Based,W32/Swog.ow.gen,ML.Attribute.HighConfidence,Win32:Swog,Virus.Win32.SWOG.based,Gen:Trojan.FileInfector.aqW@a044Nuj,W32/SWOG-G,Gen:Trojan.FileInfector.aqW@a044Nuj,W32/Swog.A,Malware.Radar01.Gen,2020-08-12 06:18:05,
0b407b7f112ebde1abff9fb956605794,57,PE_SILLYWR.200,Malware.W95/SillyWR.200.C,Artemis!D5F9FE306D59,,Win32:SillyWR,Virus.Win9x.SillyWR.gen,Win95.SillyWR.200.B,W95/SillyWR-166,Win95.SillyWR.200.B,Generic Suspicious,Malware.Radar01.Gen,2020-04-19 08:56:55,
3cd1b8628a7605d68ab5114b1a6f2f0b,43,PE_DONUT.A,Malware.W32/Godog.11,W32/Donut,Trojan.Gen.2,Win32:Donut,,Win32.Donut.A,W32/Donut-A,Win32.Donut.A,W32/Donut,Win32/Trojan.502,2019-02-12 09:00:22,
8eed0e2bdaf2fd18671c178d8342de12,47,PE_99ways,Malware.W32/Rainsong.3956.A,W95/RainSong.3925.b.dr,W32.RainSong.3925,Win32:Way99,Virus.Win32.RainSong.3925.a,,W32/Rain-3925,,W32/RainSong.3925,,2020-08-12 07:41:22,
a0328aceffd828bb711091f3c2e5a78d,51,PE_REPUS.156,Malware.W95/SillyWR.156,Artemis!CFC1F695A1F1,W95.Sexy.156,Win95:Sexy2000,Virus.Win9x.Repus.156,Win95.Repus.156,W95/Repus-156,Win95.Repus.156,Generic Suspicious,Malware.Radar01.Gen,2019-02-12 09:03:15,
5ff4f8d352f5722b848bdd8157b7680a,58,PE_SAVIOR.1680,Malware.W32/Savior.B,W32/Savior.gen,W32.Savior.1680,Win32:Savior-C,Virus.Win32.Savior.1680,Trojan.Generic.1744396,W32/Savior-1680,Trojan.Generic.1744396,W95/Savior.1680,Win32/Virus.e7b,2020-08-11 07:26:05,
8c6018cfc3a1b774fc079df934fc2432,56,PE_BANGAW.A,Malware.W32/Banawe.2157,W32/NGVCK.g.dr.gen,W32.Banaw,Win32:Bangaw,Virus.Win32.Banaw.2157,Backdoor.Banaw.2157.Intd.A,Junk/Bangaw,Backdoor.Banaw.2157.Intd.A,Generic Suspicious,Malware.Radar01.Gen,2020-08-12 03:53:54,
20858ef2f71d22c0bb8fa5dd35ee937b,58,PE_VIP.4341,Malware.W32/Vip.4322,W95/VIP.gen,W95.Vip.4299,Win32:Sankei,Virus.Win9x.Vip.4322,Win32.Vip.4341,W95/Vip-4299,Win32.Vip.4341,Univ.B,Malware.Radar01.Gen,2020-02-08 07:12:54,
13f0b90c5516b986363e9185a130b0bc,55,PE_SANKEY.C,Heuristic.HEUR/AGEN.1118344,W32/Sankey.dr,W95.Doggie.gen,Win32:Sankei-D,Virus.Win32.Sankei.3001,Win32.Keisan.3001,W32/Sankey-O,Win32.Keisan.3001,W32/Sankey.G,HEUR/QVM20.1.F953.Malware.Gen,2020-08-11 07:25:57,
ce84d6b3a6d7e5baa99a9531df5687b6,56,,Malware.W32/Whyg.1193,Artemis!62CD872A0B5E,W95.Whyg.1193,Win32:Whalg-C,Virus.Win9x.Whyg.1193,Win32.Whyg.1193.B,Troj/Whalg-A,Win32.Whyg.1193.B,W32/Whalg.A,Malware.Radar01.Gen,2020-05-15 09:47:38,
ba84d2cf35f8dd2b0d2a474036efa191,46,,Malware.W32/Small.2560,W32/Vorcan.dr,W32.Vorcan,,Virus.Win32.Small.2560,,W95/Triplix-A,,W32/Vorcan.A,Malware.Radar01.Gen,2020-08-12 16:20:01,
96fc6c7239093dac92bde0706397eaa2,48,PE_MATRIX.909.B,Malware.W32/Matrix.909.b,W95/Trix.909.cav,W95.Matrix.909,,Virus.Win32.Matrix.909.b,Win2K.Xax.909.B,Junk/Matrix909B,,W32/Matrix.909.B,Malware.Radar01.Gen,2019-03-12 00:53:25,
a15c2afbc92258f61008c067222050b5,57,PE_PROJCT.2404.B,Malware.W32/Projet.2404.C,W32/Klinge.c,Trojan.Gen.6,,Virus.Win32.Projet.2404.b,Win32.Project.2404.B,W32/Projet-A,Win32.Project.2404.B,W32/Project.A,Virus.Win32.Projet.A,2020-08-12 06:51:59,
50d0ec84e409e59378313ef6d80c6bb6,54,PE_FLEE.835,Malware.W95/Flee-835,W32/Flee.dr,,Win32:Feel,Virus.Win9x.Flee.835,Win95.Feel.835,W98/Flee-A,Win95.Feel.835,W95/Flee.835,HEUR/Malware.QVM20.Gen,2020-04-17 23:52:35,
af4e42b857fa4a3ec7a8f693edbd5e12,55,TROJ_GEN.R002C0ODD20,Malware.W95/Yurn.1179.b,W95/Yurn.dr,ML.Attribute.HighConfidence,Win95:Yurn-B,Virus.Win9x.Yurn.1179,Win32.Yurn.1179,,Win32.Yurn.1179,W95/Yurn.drop,Malware.Radar01.Gen,2020-07-09 22:17:53,
85e485bc47bb5405c837319140bdda6c,58,PE_CIH.1003,Trojan.TR/Crypt.XPACK.Gen,W95/CIH.1019c,W95.CIH,Win32:CIH,Virus.Win9x.CIH.1019.c,Win95.CIH.Gen,W95/CIH-10xx,Win95.CIH.Gen,W95/CIH,Malware.Radar01.Gen,2020-01-09 20:10:26,
fc0d7dbc20c03a8d8519fa2a46743668,40,NE_WINLAMER,Malware.W16/WinLamer.1734,W16/Winlamer,Win.Winlamer2 (4),Other:Malware-gen [Trj],Virus.Win16.WinLamer2.1734,Win16.Winlamer.A,Winlamer2,Win16.Winlamer.A,Winsurf.Skim.1454,Malware.Radar01.Gen,2020-07-20 10:15:10,
